{
    "code": 200,
    "data": {
        "category": {
            "seasonPropsBlackKeywords": ":冬 | : 秋 | : 加绒;加厚",
            "weight": 14,
            "id": 1689,
            "isLeaf": 0,
            "name": "女装",
            "imageUrl": "http://img1.lukou.com/static/img/category/1462.png",
            "isHide": false,
            "gridsBoardId": 39,
            "cname": "女装",
            "sortEnabled": false,
            "parentId": 0,
            "bannerBoardId": 38
        },
        "categoriesTitle": "潮流精选",
        "hotCommodities": [
            {
                "smallIconUrl": "",
                "detailHintMsg": "",
                "itemType": 0,
                "image": "https://img.alicdn.com/bao/uploaded/i1/2171367772/O1CN01I6zk2f27Hcmgcyy0I_!!2171367772.jpg",
                "detailUrl": "youxuan://commodity?id=23668054",
                "itemFlag": 0,
                "saleNum": 5,
                "platform": 1,
                "keywords": [],
                "originPrice": 31,
                "id": 23668054,
                "tbOriginPrice": 31,
                "lowestPriceDays": 0,
                "title": "西装外套女春秋宽松薄款复古英伦风休闲上衣春季长袖黑色小西服潮",
                "taobaoCid": 50008897,
                "priceTag": 0,
                "largeCoupon": null,
                "dataoke": {},
                "type": 1,
                "couponValue": "",
                "expiring": null,
                "expireMsg": "",
                "price": 28.98,
                "commodityId": "603247989055",
                "isFreePostage": true,
                "itemId": 30020696,
                "expireDate": null,
                "cid": 0,
                "url": "https://s.click.taobao.com/lHECeau",
                "isFavorited": false,
                "showExpireMsg": false,
                "qunTitle": "",
                "commodityTypeName": "公用",
                "rankingTag": "",
                "ratingType": "",
                "isExpired": false,
                "recComment": "",
                "hasCoupon": false
            },
            {
                "smallIconUrl": "",
                "detailHintMsg": "",
                "itemType": 0,
                "image": "https://img.alicdn.com/bao/uploaded/i3/857879275/O1CN01ln5VHp2IO0AZ8IrNg_!!0-item_pic.jpg",
                "detailUrl": "youxuan://commodity?id=22084207",
                "itemFlag": 0,
                "saleNum": 100,
                "platform": 2,
                "keywords": [],
                "originPrice": 118,
                "id": 22084207,
                "tbOriginPrice": 118,
                "lowestPriceDays": 0,
                "title": "黑色牛仔裤女裤春装2022年新款高腰显瘦秋冬加绒女士小脚铅笔裤子",
                "taobaoCid": 162205,
                "priceTag": 0,
                "largeCoupon": null,
                "dataoke": {},
                "type": 1,
                "couponValue": "",
                "expiring": null,
                "expireMsg": "",
                "price": 59.9,
                "commodityId": "557767543695",
                "isFreePostage": true,
                "itemId": 8829987,
                "expireDate": null,
                "cid": 0,
                "url": "https://s.click.taobao.com/mEaRSau",
                "isFavorited": false,
                "showExpireMsg": false,
                "qunTitle": "",
                "commodityTypeName": "公用",
                "rankingTag": "",
                "ratingType": "",
                "isExpired": false,
                "recComment": "",
                "hasCoupon": false
            },
            {
                "smallIconUrl": "",
                "detailHintMsg": "",
                "itemType": 0,
                "image": "https://img.alicdn.com/bao/uploaded/i2/3938288177/O1CN01tyODNE2AH7BFZP0Fd_!!0-item_pic.jpg",
                "detailUrl": "youxuan://commodity?id=15669843",
                "itemFlag": 0,
                "saleNum": 1,
                "platform": 2,
                "keywords": [],
                "originPrice": 19.9,
                "id": 15669843,
                "tbOriginPrice": 19.9,
                "lowestPriceDays": 0,
                "title": "情侣卫衣女秋装潮流新款青年大码圆领运动打底无帽宽松套头长袖衫",
                "taobaoCid": 50008898,
                "priceTag": 0,
                "largeCoupon": null,
                "dataoke": {},
                "type": 1,
                "couponValue": "",
                "expiring": null,
                "expireMsg": "",
                "price": 19.9,
                "commodityId": "576845650974",
                "isFreePostage": true,
                "itemId": 22091908,
                "expireDate": null,
                "cid": 0,
                "url": "https://s.click.taobao.com/A8BRSau",
                "isFavorited": false,
                "showExpireMsg": false,
                "qunTitle": "",
                "commodityTypeName": "熊猫",
                "rankingTag": "",
                "ratingType": "",
                "isExpired": false,
                "recComment": "",
                "hasCoupon": false
            },
            {
                "smallIconUrl": "",
                "detailHintMsg": "",
                "itemType": 0,
                "image": "https://img.alicdn.com/i1/2856151013/O1CN01O6ZZ4h1JLzjKp84nE_!!2856151013.jpg",
                "detailUrl": "youxuan://commodity?id=16013548",
                "itemFlag": 0,
                "saleNum": 5,
                "platform": 1,
                "keywords": [],
                "originPrice": 180,
                "id": 16013548,
                "tbOriginPrice": 180,
                "lowestPriceDays": 0,
                "title": "运动裤女裤学生2020新款休闲束脚秋冬季ins潮牌宽松显瘦哈伦裤子",
                "taobaoCid": 162201,
                "priceTag": 0,
                "largeCoupon": null,
                "dataoke": {},
                "type": 1,
                "couponValue": "",
                "expiring": null,
                "expireMsg": "",
                "price": 10,
                "commodityId": "591500644398",
                "isFreePostage": true,
                "itemId": 22434484,
                "expireDate": null,
                "cid": 0,
                "url": "https://s.click.taobao.com/sAvFeau",
                "isFavorited": false,
                "showExpireMsg": false,
                "qunTitle": "",
                "commodityTypeName": "熊猫",
                "rankingTag": "",
                "ratingType": "",
                "isExpired": false,
                "recComment": "",
                "hasCoupon": false
            },
            {
                "smallIconUrl": "",
                "detailHintMsg": "",
                "itemType": 0,
                "image": "https://img.alicdn.com/bao/uploaded/i2/303634891/TB2x1EsqyAnBKNjSZFvXXaTKXXa_!!303634891.jpg",
                "detailUrl": "youxuan://commodity?id=4010580",
                "itemFlag": 0,
                "saleNum": 2,
                "platform": 1,
                "keywords": [],
                "originPrice": 99,
                "id": 4010580,
                "tbOriginPrice": 99,
                "lowestPriceDays": 0,
                "title": "春秋韩版大码胖mm高腰九分牛仔裤女装学生宽松显瘦哈伦小脚阔腿裤",
                "taobaoCid": 162205,
                "priceTag": 0,
                "largeCoupon": null,
                "dataoke": {},
                "type": 1,
                "couponValue": "",
                "expiring": null,
                "expireMsg": "",
                "price": 39,
                "commodityId": "575585296900",
                "isFreePostage": true,
                "itemId": 10488880,
                "expireDate": null,
                "cid": 0,
                "url": "https://s.click.taobao.com/nCECeau",
                "isFavorited": false,
                "showExpireMsg": false,
                "qunTitle": "",
                "commodityTypeName": "熊猫",
                "rankingTag": "",
                "ratingType": "",
                "isExpired": false,
                "recComment": "",
                "hasCoupon": false
            }
        ],
        "baokuanCommodities": {
            "perpage": 0,
            "isEnd": true,
            "list": [
                {
                    "smallIconUrl": "",
                    "detailHintMsg": "",
                    "itemType": 0,
                    "image": "https://img.alicdn.com/bao/uploaded/i4/2207663985156/O1CN01guby4c1nxUr10hLCV_!!0-item_pic.jpg",
                    "detailUrl": "youxuan://commodity?id=110669711",
                    "itemFlag": 0,
                    "saleNum": 24,
                    "platform": 1,
                    "keywords": [],
                    "originPrice": 239.9,
                    "id": 110669711,
                    "tbOriginPrice": 239.9,
                    "lowestPriceDays": 0,
                    "title": "秋季冰淇淋泡泡内裤女盒装裸感无缝纯色高弹舒适透气石墨烯氧气裤",
                    "taobaoCid": 50008882,
                    "priceTag": 0,
                    "largeCoupon": false,
                    "dataoke": {},
                    "type": 1,
                    "couponValue": "20元券",
                    "expiring": false,
                    "expireMsg": "8天后过期",
                    "price": 219.9,
                    "commodityId": "660432215640",
                    "isFreePostage": true,
                    "itemId": 75210079,
                    "expireDate": "2022-03-18",
                    "cid": 0,
                    "url": "https://uland.taobao.com/coupon/edetail?e=gxQc23lzRB2lhHvvyUNXZfh8CuWt5YH5OVuOuRD5gLJMmdsrkidbOWgpcJRl3wFwcV%2FlEyhmp8DabAJjl9LutTOyozeBCAz4Q6mIR8sXz0Bpc60ePn63G2nh7ESrq79hjJkbPOH46tzsuf0seI6XoSiKKDk04sxYQfkTeTqhQy3qiOLpX5P9qP8VcdpgoIGfC2xjqU%2BqPaT0b7kPOLrokAT50BvUmg46jJkbPOH46tyAbQv3KJxQfq4vD8vwTUW%2F%2FPtZzdinp3aiMqIf1oPxLuTNJGYOahjs&traceId=0bb61b4b16430043857326935e989b&&union_lens=lensId:TAPI@1643004385@21045647_07f3_17e8ab159d8_7523@01&nowake=1",
                    "isFavorited": false,
                    "showExpireMsg": false,
                    "qunTitle": "",
                    "commodityTypeName": "公用",
                    "rankingTag": "",
                    "ratingType": "",
                    "isExpired": false,
                    "recComment": "",
                    "hasCoupon": true
                },
                {
                    "smallIconUrl": "",
                    "detailHintMsg": "",
                    "itemType": 0,
                    "image": "https://img.alicdn.com/bao/uploaded/i1/2210238017304/O1CN01mcRIEp23pHbONH4mj_!!0-item_pic.jpg",
                    "detailUrl": "youxuan://commodity?id=113941733",
                    "itemFlag": 0,
                    "saleNum": 4000,
                    "platform": 1,
                    "keywords": [],
                    "originPrice": 18.8,
                    "id": 113941733,
                    "tbOriginPrice": 18.8,
                    "lowestPriceDays": 0,
                    "title": "空气炸锅专用纸硅油纸盘纸托圆形家用吸油纸食物垫纸碗烤薯条烘焙",
                    "taobaoCid": 50012501,
                    "priceTag": 0,
                    "largeCoupon": null,
                    "dataoke": {},
                    "type": 1,
                    "couponValue": "",
                    "expiring": null,
                    "expireMsg": "",
                    "price": 8.8,
                    "commodityId": "661341341569",
                    "isFreePostage": true,
                    "itemId": 78480286,
                    "expireDate": null,
                    "cid": 0,
                    "url": "https://s.click.taobao.com/Rv4T3bu",
                    "isFavorited": false,
                    "showExpireMsg": false,
                    "qunTitle": "",
                    "commodityTypeName": "公用",
                    "rankingTag": "",
                    "ratingType": "",
                    "isExpired": false,
                    "recComment": "",
                    "hasCoupon": false
                },
                {
                    "smallIconUrl": "",
                    "detailHintMsg": "",
                    "itemType": 0,
                    "image": "https://img.alicdn.com/bao/uploaded/i4/2916082748/O1CN01NIk6gd1WAd1yJeNf1_!!0-item_pic.jpg",
                    "detailUrl": "youxuan://commodity?id=85907927",
                    "itemFlag": 0,
                    "saleNum": 1639,
                    "platform": 1,
                    "keywords": [],
                    "originPrice": 39.9,
                    "id": 85907927,
                    "tbOriginPrice": 39.9,
                    "lowestPriceDays": 0,
                    "title": "星鲨维生素D滴剂胶囊型24粒儿童婴儿成人预防佝偻骨质疏松",
                    "taobaoCid": 50023742,
                    "priceTag": 0,
                    "largeCoupon": null,
                    "dataoke": {},
                    "type": 1,
                    "couponValue": "",
                    "expiring": null,
                    "expireMsg": "",
                    "price": 27.5,
                    "commodityId": "622282752390",
                    "isFreePostage": true,
                    "itemId": 50548420,
                    "expireDate": null,
                    "cid": 0,
                    "url": "https://s.click.taobao.com/NtLqZsu",
                    "isFavorited": false,
                    "showExpireMsg": false,
                    "qunTitle": "",
                    "commodityTypeName": "公用",
                    "rankingTag": "",
                    "ratingType": "",
                    "isExpired": false,
                    "recComment": "",
                    "hasCoupon": false
                },
                {
                    "smallIconUrl": "",
                    "detailHintMsg": "",
                    "itemType": 0,
                    "image": "https://img.alicdn.com/bao/uploaded/i3/3920272513/O1CN01A78Vrn1UR024NdYWw_!!0-item_pic.jpg",
                    "detailUrl": "youxuan://commodity?id=33824429",
                    "itemFlag": 0,
                    "saleNum": 5000,
                    "platform": 2,
                    "keywords": [],
                    "originPrice": 7.9,
                    "id": 33824429,
                    "tbOriginPrice": 7.9,
                    "lowestPriceDays": 0,
                    "title": "天兴隆无糖薄荷糖盒装小粒随身接吻糖酷爽清凉约会口香糖果B",
                    "taobaoCid": 50008056,
                    "priceTag": 0,
                    "largeCoupon": null,
                    "dataoke": {},
                    "type": 1,
                    "couponValue": "",
                    "expiring": null,
                    "expireMsg": "",
                    "price": 7.9,
                    "commodityId": "611149162038",
                    "isFreePostage": true,
                    "itemId": 40107118,
                    "expireDate": null,
                    "cid": 0,
                    "url": "https://s.click.taobao.com/sgxb6bu",
                    "isFavorited": false,
                    "showExpireMsg": false,
                    "qunTitle": "",
                    "commodityTypeName": "公用",
                    "rankingTag": "",
                    "ratingType": "",
                    "isExpired": false,
                    "recComment": "",
                    "hasCoupon": false
                },
                {
                    "smallIconUrl": "",
                    "detailHintMsg": "",
                    "itemType": 0,
                    "image": "",
                    "detailUrl": "youxuan://commodity?id=108389414",
                    "itemFlag": 0,
                    "saleNum": 5453,
                    "platform": 1,
                    "keywords": [],
                    "originPrice": 27.86,
                    "id": 108389414,
                    "tbOriginPrice": 27.86,
                    "lowestPriceDays": 0,
                    "title": "袜子男士船袜春夏季短袜透气防臭吸汗短筒低帮浅口隐形袜潮春秋",
                    "taobaoCid": 201581701,
                    "priceTag": 0,
                    "largeCoupon": null,
                    "dataoke": {},
                    "type": 1,
                    "couponValue": "",
                    "expiring": null,
                    "expireMsg": "",
                    "price": 9.9,
                    "commodityId": "643353119358",
                    "isFreePostage": true,
                    "itemId": 72931546,
                    "expireDate": null,
                    "cid": 0,
                    "url": "https://s.click.taobao.com/v7Mfagu",
                    "isFavorited": false,
                    "showExpireMsg": false,
                    "qunTitle": "",
                    "commodityTypeName": "公用",
                    "rankingTag": "",
                    "ratingType": "",
                    "isExpired": false,
                    "recComment": "",
                    "hasCoupon": false
                },
                {
                    "smallIconUrl": "",
                    "detailHintMsg": "",
                    "itemType": 0,
                    "image": "https://img.alicdn.com/bao/uploaded/i2/2208211522355/O1CN01uRXPAD1TGdRWmtJLL_!!0-item_pic.jpg",
                    "detailUrl": "youxuan://commodity?id=77397612",
                    "itemFlag": 0,
                    "saleNum": 100,
                    "platform": 1,
                    "keywords": [],
                    "originPrice": 9.99,
                    "id": 77397612,
                    "tbOriginPrice": 9.99,
                    "lowestPriceDays": 0,
                    "title": "【限量秒杀】黄翠仙保山绿蚕豆零食胡豆酥香味无壳100g袋装",
                    "taobaoCid": 50016429,
                    "priceTag": 0,
                    "largeCoupon": null,
                    "dataoke": {},
                    "type": 1,
                    "couponValue": "",
                    "expiring": null,
                    "expireMsg": "",
                    "price": 9.99,
                    "commodityId": "621921659043",
                    "isFreePostage": true,
                    "itemId": 49692151,
                    "expireDate": null,
                    "cid": 0,
                    "url": "https://s.click.taobao.com/GwbXnau",
                    "isFavorited": false,
                    "showExpireMsg": false,
                    "qunTitle": "",
                    "commodityTypeName": "公用",
                    "rankingTag": "",
                    "ratingType": "",
                    "isExpired": false,
                    "recComment": "",
                    "hasCoupon": false
                },
                {
                    "smallIconUrl": "",
                    "detailHintMsg": "",
                    "itemType": 0,
                    "image": "https://img.alicdn.com/bao/uploaded/i2/1961066310/O1CN01B3rDza1wU1sHbGlco_!!0-item_pic.jpg",
                    "detailUrl": "youxuan://commodity?id=101235471",
                    "itemFlag": 0,
                    "saleNum": 4752,
                    "platform": 1,
                    "keywords": [],
                    "originPrice": 12.9,
                    "id": 101235471,
                    "tbOriginPrice": 12.9,
                    "lowestPriceDays": 0,
                    "title": "傻二哥花椒锅巴手工老式陕西怀旧脆锅巴网红解馋零食麻辣味小包装",
                    "taobaoCid": 50010535,
                    "priceTag": 0,
                    "largeCoupon": null,
                    "dataoke": {},
                    "type": 1,
                    "couponValue": "",
                    "expiring": null,
                    "expireMsg": "",
                    "price": 9.9,
                    "commodityId": "646246893814",
                    "isFreePostage": true,
                    "itemId": 65795095,
                    "expireDate": null,
                    "cid": 0,
                    "url": "https://s.click.taobao.com/bs719gu",
                    "isFavorited": false,
                    "showExpireMsg": false,
                    "qunTitle": "",
                    "commodityTypeName": "公用",
                    "rankingTag": "",
                    "ratingType": "",
                    "isExpired": false,
                    "recComment": "",
                    "hasCoupon": false
                },
                {
                    "smallIconUrl": "",
                    "detailHintMsg": "",
                    "itemType": 0,
                    "image": "https://img.alicdn.com/bao/uploaded/i1/822253495/O1CN01b4c6bM1bgkyeuoMwn_!!0-item_pic.jpg",
                    "detailUrl": "youxuan://commodity?id=11556992",
                    "itemFlag": 0,
                    "saleNum": 40000,
                    "platform": 2,
                    "keywords": [],
                    "originPrice": 25,
                    "id": 11556992,
                    "tbOriginPrice": 25,
                    "lowestPriceDays": 0,
                    "title": "超轻粘土24色橡皮泥无毒太空彩泥儿童幼儿手工diy黏土沙玩具套装",
                    "taobaoCid": 124506010,
                    "priceTag": 0,
                    "largeCoupon": null,
                    "dataoke": {},
                    "type": 1,
                    "couponValue": "",
                    "expiring": null,
                    "expireMsg": "",
                    "price": 5.2,
                    "commodityId": "590459689911",
                    "isFreePostage": true,
                    "itemId": 17996985,
                    "expireDate": null,
                    "cid": 0,
                    "url": "https://s.click.taobao.com/E6OD9bu",
                    "isFavorited": false,
                    "showExpireMsg": false,
                    "qunTitle": "",
                    "commodityTypeName": "熊猫",
                    "rankingTag": "",
                    "ratingType": "",
                    "isExpired": false,
                    "recComment": "",
                    "hasCoupon": false
                },
                {
                    "smallIconUrl": "",
                    "detailHintMsg": "",
                    "itemType": 0,
                    "image": "https://img.alicdn.com/bao/uploaded/i2/2211275180916/O1CN01ttUsFU1IdZV6JU8Og_!!0-item_pic.jpg",
                    "detailUrl": "youxuan://commodity?id=107333285",
                    "itemFlag": 0,
                    "saleNum": 100,
                    "platform": 1,
                    "keywords": [],
                    "originPrice": 12.9,
                    "id": 107333285,
                    "tbOriginPrice": 12.9,
                    "lowestPriceDays": 0,
                    "title": "紫月花抽纸家用实惠装整箱木浆加厚擦手面巾卫生纸餐巾纸代批发一",
                    "taobaoCid": 50012478,
                    "priceTag": 0,
                    "largeCoupon": false,
                    "dataoke": {},
                    "type": 1,
                    "couponValue": "5元券",
                    "expiring": false,
                    "expireMsg": "9天后过期",
                    "price": 7.9,
                    "commodityId": "655423712067",
                    "isFreePostage": true,
                    "itemId": 71876771,
                    "expireDate": "2022-03-19",
                    "cid": 0,
                    "url": "https://uland.taobao.com/coupon/edetail?e=2m4fGVDQ9%2FClhHvvyUNXZfh8CuWt5YH5OVuOuRD5gLJMmdsrkidbOUV9IBA4kmjLRSHvQe2jOLY%2FBw6SYxHp8vRvuQ84uuiQXKyvHGFiTQ65Ygp1yP8GJ%2B3xqP4JcQ9C1qsyVsO3cOQn1hF4cAmY%2Bn%2B5Qvv%2BRN%2B5kyoZWGjpCcsbZvDIovEOskOpiEfLF89A%2FfUZYHA3w5O5Ygp1yP8GJ6STeQw%2BCETtjHQoc35LzySxHblVyg3Mx5rFNBQuQgInAhq7rbWA7zY%3D&traceId=0b090e0216432303897664818ecd8b&&union_lens=lensId:TAPI@1643230389@210589ef_0b1b_17e9829e616_c814@01&nowake=1",
                    "isFavorited": false,
                    "showExpireMsg": false,
                    "qunTitle": "",
                    "commodityTypeName": "公用",
                    "rankingTag": "",
                    "ratingType": "",
                    "isExpired": false,
                    "recComment": "",
                    "hasCoupon": true
                },
                {
                    "smallIconUrl": "",
                    "detailHintMsg": "",
                    "itemType": 0,
                    "image": "https://img.alicdn.com/bao/uploaded/i1/570043893/O1CN01box7cf1ed2YVxTQP9_!!0-item_pic.jpg",
                    "detailUrl": "youxuan://commodity?id=6286001",
                    "itemFlag": 0,
                    "saleNum": 4000,
                    "platform": 2,
                    "keywords": [],
                    "originPrice": 129,
                    "id": 6286001,
                    "tbOriginPrice": 129,
                    "lowestPriceDays": 0,
                    "title": "兰亭玻尿酸原液正品面部精华液透明质酸修护紧致保湿补水提亮肤色",
                    "taobaoCid": 50011979,
                    "priceTag": 0,
                    "largeCoupon": null,
                    "dataoke": {},
                    "type": 1,
                    "couponValue": "",
                    "expiring": null,
                    "expireMsg": "",
                    "price": 129,
                    "commodityId": "573673118493",
                    "isFreePostage": true,
                    "itemId": 12741195,
                    "expireDate": null,
                    "cid": 3,
                    "url": "https://s.click.taobao.com/aSGFIbu",
                    "isFavorited": false,
                    "showExpireMsg": false,
                    "qunTitle": "",
                    "commodityTypeName": "公用",
                    "rankingTag": "",
                    "ratingType": "",
                    "isExpired": false,
                    "recComment": "",
                    "hasCoupon": false
                },
                {
                    "smallIconUrl": "",
                    "detailHintMsg": "",
                    "itemType": 0,
                    "image": "https://img.alicdn.com/bao/uploaded/i1/2212475938171/O1CN01ejeztP2AEMyK72frh_!!0-item_pic.jpg",
                    "detailUrl": "youxuan://commodity?id=109178765",
                    "itemFlag": 0,
                    "saleNum": 12,
                    "platform": 1,
                    "keywords": [],
                    "originPrice": 268,
                    "id": 109178765,
                    "tbOriginPrice": 268,
                    "lowestPriceDays": 0,
                    "title": "模漾儿童书包小学生双肩包1-2-3年级6年级男孩女童背包卡通潮减负",
                    "taobaoCid": 50012406,
                    "priceTag": 0,
                    "largeCoupon": null,
                    "dataoke": {},
                    "type": 1,
                    "couponValue": "",
                    "expiring": null,
                    "expireMsg": "",
                    "price": 218,
                    "commodityId": "653622257859",
                    "isFreePostage": true,
                    "itemId": 73720821,
                    "expireDate": null,
                    "cid": 0,
                    "url": "https://s.click.taobao.com/FKD19eu",
                    "isFavorited": false,
                    "showExpireMsg": false,
                    "qunTitle": "",
                    "commodityTypeName": "公用",
                    "rankingTag": "",
                    "ratingType": "",
                    "isExpired": false,
                    "recComment": "",
                    "hasCoupon": false
                },
                {
                    "smallIconUrl": "",
                    "detailHintMsg": "",
                    "itemType": 0,
                    "image": "https://img.alicdn.com/bao/uploaded/i2/3526370554/O1CN01pupOpa1Fxm8LMvBAk_!!0-item_pic.jpg",
                    "detailUrl": "youxuan://commodity?id=4081858",
                    "itemFlag": 0,
                    "saleNum": 77,
                    "platform": 2,
                    "keywords": [
                        "大额券"
                    ],
                    "originPrice": 69.9,
                    "id": 4081858,
                    "tbOriginPrice": 129,
                    "lowestPriceDays": 0,
                    "title": "美国32度Heat保暖内衣上衣超薄发热超薄男士恒温白色黑色秋衣秋裤",
                    "taobaoCid": 50008885,
                    "priceTag": 0,
                    "largeCoupon": true,
                    "dataoke": {},
                    "type": 1,
                    "couponValue": "50元券",
                    "expiring": false,
                    "expireMsg": "",
                    "price": 19.9,
                    "commodityId": "564336654324",
                    "isFreePostage": true,
                    "itemId": 10551100,
                    "expireDate": "2022-02-28",
                    "cid": 0,
                    "url": "https://uland.taobao.com/coupon/edetail?e=1XASypWwqrKlhHvvyUNXZfh8CuWt5YH5OVuOuRD5gLJMmdsrkidbOcgNAa9X6T79uG1ZaNECU%2FS7pVXmA6bTuP9L%2BhhOpd0JXRuv7xpz1L7QEUCpE4O7Xe1GgTYLodVLxgz%2BDoQLkHLBmThlTramS1yz9kGWMFLZcS5HqCMz%2FEMCpGiF3HKFq0TvRpieR127Gz%2BbIF%2BlRTT%2FS%2FoYTqXdCQuhod5GiGU%2B9BUG5cxEoGkfTdi4wUnI12ZXJ1x22LwkhAlwBqUZweRlBRYM90QVRw%3D%3D&traceId=2107620016451469108711157eb2d5&&union_lens=lensId:TAPI@1645146910@0b147e3b_0814_17f0a65b0a9_a063@01&nowake=1",
                    "isFavorited": false,
                    "showExpireMsg": true,
                    "qunTitle": "",
                    "commodityTypeName": "熊猫",
                    "rankingTag": "",
                    "ratingType": "",
                    "isExpired": true,
                    "recComment": "",
                    "hasCoupon": true
                }
            ],
            "startIndex": 0,
            "nextIndex": 0,
            "total": 0
        },
        "grids": [
            {
                "linkType": 260,
                "userVisibility": 0,
                "seq": 1,
                "text": "最高66元",
                "maxVersion": "",
                "thumbnailUrl": "",
                "id": 6990,
                "title": "饿了么红包",
                "isUserGroupRemoved": false,
                "deviceType": 0,
                "wxUrl": "https://quan.lukou.com/activity/article.html?id=871",
                "userGroup": 0,
                "isRemove": false,
                "displayTag": "",
                "userGroupId": 0,
                "userGroupIds": [],
                "blockedUserGroupId": 0,
                "blockedUserGroupIds": [],
                "startTime": "2021-03-04 14:25:26",
                "tagImageUrl": "",
                "word": "饿了么红包",
                "url": "https://quan.lukou.com/activity/article.html?id=873",
                "imageUrl": "http://img1.lukou.com/static/coupon/p/image_link/nYcOeGqvXJTkMrmEbdkWv5wiUZmt5gLV.png",
                "urls": [
                    "https://quan.lukou.com/activity/article.html?id=873"
                ],
                "isVisible": true,
                "boardName": "H5首页宫格导航-至少5个",
                "highlight": false,
                "minVersion": "",
                "endTime": null
            },
            {
                "linkType": 260,
                "userVisibility": 0,
                "seq": 2,
                "text": "最高56元",
                "maxVersion": "",
                "thumbnailUrl": "",
                "id": 6991,
                "title": "美团红包",
                "isUserGroupRemoved": false,
                "deviceType": 0,
                "wxUrl": "https://quan.lukou.com/activity/article.html?id=872",
                "userGroup": 0,
                "isRemove": false,
                "displayTag": "",
                "userGroupId": 0,
                "userGroupIds": [],
                "blockedUserGroupId": 0,
                "blockedUserGroupIds": [],
                "startTime": "2021-03-04 14:28:28",
                "tagImageUrl": "",
                "word": "美团红包",
                "url": "https://quan.lukou.com/activity/article.html?id=874",
                "imageUrl": "http://img1.lukou.com/static/coupon/p/image_link/ORlaNFb306A1RuqGVWdRLJsx7yk19NgX.png",
                "urls": [
                    "https://quan.lukou.com/activity/article.html?id=874"
                ],
                "isVisible": true,
                "boardName": "H5首页宫格导航-至少5个",
                "highlight": false,
                "minVersion": "",
                "endTime": null
            },
            {
                "linkType": 260,
                "userVisibility": 0,
                "seq": 3,
                "text": "",
                "maxVersion": "",
                "thumbnailUrl": "",
                "id": 6992,
                "title": "9.9包邮",
                "isUserGroupRemoved": false,
                "deviceType": 0,
                "wxUrl": "youxuan://column?id=29",
                "userGroup": 0,
                "isRemove": false,
                "displayTag": "",
                "userGroupId": 0,
                "userGroupIds": [],
                "blockedUserGroupId": 0,
                "blockedUserGroupIds": [],
                "startTime": "2021-03-04 14:30:02",
                "tagImageUrl": "",
                "word": "9.9包邮",
                "url": "youxuan://column?id=29",
                "imageUrl": "http://img1.lukou.com/static/coupon/p/image_link/USW7VNxABBDqxr8xMxJ0XIhXZLceKqMH.png",
                "urls": [
                    "youxuan://column?id=29"
                ],
                "isVisible": true,
                "boardName": "H5首页宫格导航-至少5个",
                "highlight": false,
                "minVersion": "",
                "endTime": null
            },
            {
                "linkType": 260,
                "userVisibility": 0,
                "seq": 4,
                "text": "91折",
                "maxVersion": "",
                "thumbnailUrl": "",
                "id": 6994,
                "title": "话费充值",
                "isUserGroupRemoved": false,
                "deviceType": 0,
                "wxUrl": "http://www.ukhnfdsz.cn/api/url/pddFtJFFcWd/?_wv=1",
                "userGroup": 0,
                "isRemove": false,
                "displayTag": "",
                "userGroupId": 0,
                "userGroupIds": [],
                "blockedUserGroupId": 0,
                "blockedUserGroupIds": [],
                "startTime": "2021-03-04 14:32:19",
                "tagImageUrl": "",
                "word": "话费充值",
                "url": "http://www.xlvm6zq.cn/api/url/pddQS5FaDpw/?_wv=1",
                "imageUrl": "http://img1.lukou.com/static/coupon/p/image_link/FvGJioJJK0S2ypHWZD9eD4k1a8LfEK60.png",
                "urls": [
                    "http://www.xlvm6zq.cn/api/url/pddQS5FaDpw/?_wv=1"
                ],
                "isVisible": true,
                "boardName": "H5首页宫格导航-至少5个",
                "highlight": false,
                "minVersion": "",
                "endTime": "2022-05-01 16:47:37"
            },
            {
                "linkType": 260,
                "userVisibility": 0,
                "seq": 5,
                "text": "免单",
                "maxVersion": "",
                "thumbnailUrl": "",
                "id": 6993,
                "title": "签到红包",
                "isUserGroupRemoved": false,
                "deviceType": 0,
                "wxUrl": "",
                "userGroup": 0,
                "isRemove": false,
                "displayTag": "",
                "userGroupId": 0,
                "userGroupIds": [],
                "blockedUserGroupId": 0,
                "blockedUserGroupIds": [],
                "startTime": "2021-03-04 14:31:19",
                "tagImageUrl": "",
                "word": "签到红包",
                "url": "http://www.xmyx112.top/#/signForHb",
                "imageUrl": "http://img1.lukou.com/static/coupon/p/image_link/L1jtf7WOt8cihkPd4PpPnsnIwpTtatZg.png",
                "urls": [
                    "http://www.xmyx112.top/#/signForHb"
                ],
                "isVisible": true,
                "boardName": "H5首页宫格导航-至少5个",
                "highlight": false,
                "minVersion": "",
                "endTime": null
            }
        ],
        "miaoshaCommodities": {
            "perpage": 0,
            "isEnd": true,
            "list": [],
            "startIndex": 0,
            "nextIndex": 0,
            "total": 0
        },
        "items": {
            "perpage": 20,
            "isEnd": false,
            "list": [
                {
                    "origin": 0,
                    "smallIconUrl": "",
                    "detailHintMsg": "",
                    "itemType": 0,
                    "image": "https://img.alicdn.com/bao/uploaded/i4/3039690011/O1CN01VNV7mD1Bx4uOObJoJ_!!0-item_pic.jpg",
                    "detailUrl": "youxuan://commodity?id=20723859",
                    "itemFlag": 0,
                    "saleNum": 7000,
                    "platform": 2,
                    "keywords": [],
                    "originPrice": 99,
                    "id": 20723859,
                    "tbOriginPrice": 99,
                    "lowestPriceDays": 0,
                    "title": "加绒牛仔裤女2022春季新款春秋高腰修身显瘦紧身小脚铅笔chic裤子",
                    "taobaoCid": 162205,
                    "priceTag": 0,
                    "largeCoupon": null,
                    "dataoke": {},
                    "type": 1,
                    "couponValue": "",
                    "expiring": null,
                    "expireMsg": "",
                    "price": 79,
                    "commodityId": "600529927421",
                    "isFreePostage": true,
                    "itemId": 27131187,
                    "expireDate": null,
                    "cid": 0,
                    "url": "https://s.click.taobao.com/xEGNSau",
                    "isFavorited": false,
                    "showExpireMsg": false,
                    "qunTitle": "",
                    "commodityTypeName": "熊猫",
                    "rankingTag": "",
                    "ratingType": "",
                    "isExpired": false,
                    "recComment": "",
                    "hasCoupon": false
                },
                {
                    "origin": 0,
                    "smallIconUrl": "",
                    "detailHintMsg": "",
                    "itemType": 0,
                    "image": "https://img.alicdn.com/bao/uploaded/i3/3605290545/O1CN01N0Sw4s1FteU73Ozb4_!!0-item_pic.jpg",
                    "detailUrl": "youxuan://commodity?id=86621610",
                    "itemFlag": 0,
                    "saleNum": 800,
                    "platform": 1,
                    "keywords": [],
                    "originPrice": 89.9,
                    "id": 86621610,
                    "tbOriginPrice": 139,
                    "lowestPriceDays": 0,
                    "title": "棉袄2021年新款女ins棉衣韩版宽松冬季加厚学生短款羽绒棉服外套",
                    "taobaoCid": 50008900,
                    "priceTag": 0,
                    "largeCoupon": false,
                    "dataoke": {},
                    "type": 1,
                    "couponValue": "10元券",
                    "expiring": false,
                    "expireMsg": "23天后过期",
                    "price": 79.9,
                    "commodityId": "625369676960",
                    "isFreePostage": true,
                    "itemId": 51230558,
                    "expireDate": "2022-04-02",
                    "cid": 0,
                    "url": "https://uland.taobao.com/coupon/edetail?e=J0Q%2FPc6%2BmOilhHvvyUNXZfh8CuWt5YH5OVuOuRD5gLJMmdsrkidbOUV9IBA4kmjLRSHvQe2jOLY%2FBw6SYxHp8vRvuQ84uuiQwLrRxYD72J5L2duOPS0Ua%2BCns3UrTTxowaVZnWlEeXcD6cSM94tf2GMIWpSNiouNz14r8cVMwcxq4XUKJMh800OpiEfLF89AbNZyUirw7HlL2duOPS0Ua2zIRIUG6oxOYCOdU1IgfVpYbqllJ%2FLsarnJ3AALebIXVW6yqqeGJ%2FI%3D&traceId=0bb625ec16455283314836820e3b79&&union_lens=lensId:TAPI@1645528331@21365023_087a_17f2121b4eb_149d@01&nowake=1",
                    "isFavorited": false,
                    "showExpireMsg": false,
                    "qunTitle": "",
                    "commodityTypeName": "熊猫",
                    "rankingTag": "",
                    "ratingType": "",
                    "isExpired": false,
                    "recComment": "",
                    "hasCoupon": true
                },
                {
                    "origin": 0,
                    "smallIconUrl": "",
                    "detailHintMsg": "",
                    "itemType": 0,
                    "image": "https://img.alicdn.com/bao/uploaded/i4/1860988952/TB2q62vaRgXBuNjt_hNXXaEiFXa_!!1860988952.jpg",
                    "detailUrl": "youxuan://commodity?id=4321790",
                    "itemFlag": 0,
                    "saleNum": 300,
                    "platform": 1,
                    "keywords": [],
                    "originPrice": 10.9,
                    "id": 4321790,
                    "tbOriginPrice": 29,
                    "lowestPriceDays": 0,
                    "title": "露脐短袖女夏短款t恤漏肚脐紧身纯棉高腰上衣半袖打底衫短装体恤",
                    "taobaoCid": 50000671,
                    "priceTag": 0,
                    "largeCoupon": false,
                    "dataoke": {},
                    "type": 1,
                    "couponValue": "2元券",
                    "expiring": false,
                    "expireMsg": "10天后过期",
                    "price": 8.9,
                    "commodityId": "570310961382",
                    "isFreePostage": true,
                    "itemId": 10786526,
                    "expireDate": "2022-03-20",
                    "cid": 0,
                    "url": "https://uland.taobao.com/coupon/edetail?e=qWAPjaXkMDWlhHvvyUNXZfh8CuWt5YH5OVuOuRD5gLJMmdsrkidbOcgNAa9X6T79uG1ZaNECU%2FS7pVXmA6bTuP9L%2BhhOpd0JXRuv7xpz1L7QEUCpE4O7XW2R%2F3saajhac8C0l2ULx0PBmThlTramS1yz9kGWMFLZcS5HqCMz%2FEMCpGiF3HKFq0TvRpieR127Gz%2BbIF%2BlRTT%2FS%2FoYTqXdCcO5JsZ0wDN1uf8qaJxc9z2DDV745Xc2FKY9g83ravgWhAlwBqUZweQZao0HO%2FvX0w%3D%3D&traceId=2107652316455281451381214e9f6c&&union_lens=lensId:TAPI@1645528145@2133ce82_0ac7_17f211edd08_26ce@01&nowake=1",
                    "isFavorited": false,
                    "showExpireMsg": false,
                    "qunTitle": "",
                    "commodityTypeName": "熊猫",
                    "rankingTag": "",
                    "ratingType": "",
                    "isExpired": false,
                    "recComment": "",
                    "hasCoupon": true
                },
                {
                    "origin": 0,
                    "smallIconUrl": "",
                    "detailHintMsg": "",
                    "itemType": 0,
                    "image": "https://img.alicdn.com/bao/uploaded/i1/2166475645/O1CN01rakKqG1rZSS2fuwri_!!0-item_pic.jpg",
                    "detailUrl": "youxuan://commodity?id=3687693",
                    "itemFlag": 0,
                    "saleNum": 600,
                    "platform": 2,
                    "keywords": [],
                    "originPrice": 169,
                    "id": 3687693,
                    "tbOriginPrice": 169,
                    "lowestPriceDays": 0,
                    "title": "网纱半身裙女中长款2021秋冬黑色高腰百褶垂感网纱裙蕾丝显瘦裙子",
                    "taobaoCid": 1623,
                    "priceTag": 0,
                    "largeCoupon": null,
                    "dataoke": {},
                    "type": 1,
                    "couponValue": "",
                    "expiring": null,
                    "expireMsg": "",
                    "price": 59,
                    "commodityId": "563239912040",
                    "isFreePostage": true,
                    "itemId": 10141598,
                    "expireDate": null,
                    "cid": 0,
                    "url": "https://s.click.taobao.com/1AuMSau",
                    "isFavorited": false,
                    "showExpireMsg": false,
                    "qunTitle": "",
                    "commodityTypeName": "公用",
                    "rankingTag": "",
                    "ratingType": "",
                    "isExpired": false,
                    "recComment": "",
                    "hasCoupon": false
                },
                {
                    "origin": 0,
                    "smallIconUrl": "",
                    "detailHintMsg": "",
                    "itemType": 0,
                    "image": "https://img.alicdn.com/bao/uploaded/i1/1579139371/O1CN01UPeac72J5y5KlvzBH_!!0-item_pic.jpg",
                    "detailUrl": "youxuan://commodity?id=20421783",
                    "itemFlag": 0,
                    "saleNum": 1000,
                    "platform": 2,
                    "keywords": [],
                    "originPrice": 29.8,
                    "id": 20421783,
                    "tbOriginPrice": 29.8,
                    "lowestPriceDays": 0,
                    "title": "针织半身裙女2021新款秋冬季直筒小个子冬天配毛衣毛线包臀长裙子",
                    "taobaoCid": 1623,
                    "priceTag": 0,
                    "largeCoupon": null,
                    "dataoke": {},
                    "type": 1,
                    "couponValue": "",
                    "expiring": null,
                    "expireMsg": "",
                    "price": 19.9,
                    "commodityId": "600321612672",
                    "isFreePostage": true,
                    "itemId": 26830431,
                    "expireDate": null,
                    "cid": 0,
                    "url": "https://s.click.taobao.com/FeuwSau",
                    "isFavorited": false,
                    "showExpireMsg": false,
                    "qunTitle": "",
                    "commodityTypeName": "公用",
                    "rankingTag": "",
                    "ratingType": "",
                    "isExpired": false,
                    "recComment": "",
                    "hasCoupon": false
                },
                {
                    "origin": 0,
                    "smallIconUrl": "",
                    "detailHintMsg": "",
                    "itemType": 0,
                    "image": "https://img.alicdn.com/bao/uploaded/i1/1579139371/O1CN01ep8Huk2J5y9B5tErG_!!1579139371-0-lubanu-s.jpg",
                    "detailUrl": "youxuan://commodity?id=23841716",
                    "itemFlag": 0,
                    "saleNum": 900,
                    "platform": 2,
                    "keywords": [],
                    "originPrice": 29.8,
                    "id": 23841716,
                    "tbOriginPrice": 29.8,
                    "lowestPriceDays": 0,
                    "title": "金丝绒阔腿裤女裤子秋冬季加绒直筒宽松小个子高腰垂感黑色丝绒裤",
                    "taobaoCid": 162201,
                    "priceTag": 0,
                    "largeCoupon": null,
                    "dataoke": {},
                    "type": 1,
                    "couponValue": "",
                    "expiring": null,
                    "expireMsg": "",
                    "price": 19.9,
                    "commodityId": "605667761568",
                    "isFreePostage": true,
                    "itemId": 30192150,
                    "expireDate": null,
                    "cid": 0,
                    "url": "https://s.click.taobao.com/nlqSSau",
                    "isFavorited": false,
                    "showExpireMsg": false,
                    "qunTitle": "",
                    "commodityTypeName": "熊猫",
                    "rankingTag": "",
                    "ratingType": "",
                    "isExpired": false,
                    "recComment": "",
                    "hasCoupon": false
                },
                {
                    "origin": 0,
                    "smallIconUrl": "",
                    "detailHintMsg": "",
                    "itemType": 0,
                    "image": "https://img.alicdn.com/bao/uploaded/i1/1579139371/O1CN016rQNEy2J5yGtzVDCp_!!0-item_pic.jpg",
                    "detailUrl": "youxuan://commodity?id=97192587",
                    "itemFlag": 0,
                    "saleNum": 2000,
                    "platform": 1,
                    "keywords": [],
                    "originPrice": 49.8,
                    "id": 97192587,
                    "tbOriginPrice": 49.8,
                    "lowestPriceDays": 0,
                    "title": "灰色运动裤女春装2022新款黑色束脚休闲小个子加绒春秋卫裤ins潮",
                    "taobaoCid": 162201,
                    "priceTag": 0,
                    "largeCoupon": null,
                    "dataoke": {},
                    "type": 1,
                    "couponValue": "",
                    "expiring": null,
                    "expireMsg": "",
                    "price": 29.9,
                    "commodityId": "638762086709",
                    "isFreePostage": true,
                    "itemId": 61752562,
                    "expireDate": null,
                    "cid": 0,
                    "url": "https://s.click.taobao.com/M0oCeau",
                    "isFavorited": false,
                    "showExpireMsg": false,
                    "qunTitle": "",
                    "commodityTypeName": "公用",
                    "rankingTag": "",
                    "ratingType": "",
                    "isExpired": false,
                    "recComment": "",
                    "hasCoupon": false
                },
                {
                    "origin": 0,
                    "smallIconUrl": "",
                    "detailHintMsg": "",
                    "itemType": 0,
                    "image": "https://img.alicdn.com/bao/uploaded/i1/1579139371/O1CN01J7SEjx2J5yEYwLS0y_!!0-item_pic.jpg",
                    "detailUrl": "youxuan://commodity?id=64513080",
                    "itemFlag": 0,
                    "saleNum": 2000,
                    "platform": 1,
                    "keywords": [],
                    "originPrice": 52.8,
                    "id": 64513080,
                    "tbOriginPrice": 52.8,
                    "lowestPriceDays": 0,
                    "title": "黑白格子裤子女春秋冬宽松直筒休闲2022年新款春季高腰垂感阔腿裤",
                    "taobaoCid": 162201,
                    "priceTag": 0,
                    "largeCoupon": null,
                    "dataoke": {},
                    "type": 1,
                    "couponValue": "",
                    "expiring": null,
                    "expireMsg": "",
                    "price": 32.9,
                    "commodityId": "624687091082",
                    "isFreePostage": true,
                    "itemId": 48252696,
                    "expireDate": null,
                    "cid": 0,
                    "url": "https://s.click.taobao.com/UJeNSau",
                    "isFavorited": false,
                    "showExpireMsg": false,
                    "qunTitle": "",
                    "commodityTypeName": "熊猫",
                    "rankingTag": "",
                    "ratingType": "",
                    "isExpired": false,
                    "recComment": "",
                    "hasCoupon": false
                },
                {
                    "origin": 0,
                    "smallIconUrl": "",
                    "detailHintMsg": "",
                    "itemType": 0,
                    "image": "https://img.alicdn.com/bao/uploaded/i2/2207622099414/O1CN018Jk1FX2JPfDsARftr_!!0-item_pic.jpg",
                    "detailUrl": "youxuan://commodity?id=94466817",
                    "itemFlag": 0,
                    "saleNum": 200,
                    "platform": 1,
                    "keywords": [],
                    "originPrice": 39,
                    "id": 94466817,
                    "tbOriginPrice": 39,
                    "lowestPriceDays": 0,
                    "title": "条纹t恤女短袖2021夏季新款ins超火上衣韩版宽松显瘦百搭港风体恤",
                    "taobaoCid": 50000671,
                    "priceTag": 0,
                    "largeCoupon": null,
                    "dataoke": {},
                    "type": 1,
                    "couponValue": "",
                    "expiring": null,
                    "expireMsg": "",
                    "price": 9.9,
                    "commodityId": "638423130256",
                    "isFreePostage": true,
                    "itemId": 59026825,
                    "expireDate": null,
                    "cid": 0,
                    "url": "https://s.click.taobao.com/d8jCeau",
                    "isFavorited": false,
                    "showExpireMsg": false,
                    "qunTitle": "",
                    "commodityTypeName": "公用",
                    "rankingTag": "",
                    "ratingType": "",
                    "isExpired": false,
                    "recComment": "",
                    "hasCoupon": false
                },
                {
                    "origin": 0,
                    "smallIconUrl": "",
                    "detailHintMsg": "",
                    "itemType": 0,
                    "image": "https://img.alicdn.com/bao/uploaded/i4/2204417971000/O1CN01eZHsdk1JG2gjobIHH_!!2204417971000-0-lubanu-s.jpg",
                    "detailUrl": "youxuan://commodity?id=85980341",
                    "itemFlag": 0,
                    "saleNum": 4000,
                    "platform": 1,
                    "keywords": [],
                    "originPrice": 93.9,
                    "id": 85980341,
                    "tbOriginPrice": 93.9,
                    "lowestPriceDays": 0,
                    "title": "韩版纯色衬衫女中长款秋季宽松上衣2022新款外穿百搭长袖港风衬衣",
                    "taobaoCid": 162104,
                    "priceTag": 0,
                    "largeCoupon": null,
                    "dataoke": {},
                    "type": 1,
                    "couponValue": "",
                    "expiring": null,
                    "expireMsg": "",
                    "price": 19.9,
                    "commodityId": "627237933384",
                    "isFreePostage": true,
                    "itemId": 50618452,
                    "expireDate": null,
                    "cid": 0,
                    "url": "https://s.click.taobao.com/A3UNSau",
                    "isFavorited": false,
                    "showExpireMsg": false,
                    "qunTitle": "",
                    "commodityTypeName": "公用",
                    "rankingTag": "",
                    "ratingType": "",
                    "isExpired": false,
                    "recComment": "",
                    "hasCoupon": false
                },
                {
                    "origin": 0,
                    "smallIconUrl": "",
                    "detailHintMsg": "",
                    "itemType": 0,
                    "image": "https://img.alicdn.com/bao/uploaded/i1/2041468839/O1CN012FAJI5XOEguC9YC_!!0-item_pic.jpg",
                    "detailUrl": "youxuan://commodity?id=4286373",
                    "itemFlag": 0,
                    "saleNum": 4000,
                    "platform": 2,
                    "keywords": [],
                    "originPrice": 68,
                    "id": 4286373,
                    "tbOriginPrice": 68,
                    "lowestPriceDays": 0,
                    "title": "新德绒加绒吊带背心女保暖加厚防寒大码秋冬季紧身内搭棉内穿上衣",
                    "taobaoCid": 121412004,
                    "priceTag": 0,
                    "largeCoupon": null,
                    "dataoke": {},
                    "type": 1,
                    "couponValue": "",
                    "expiring": null,
                    "expireMsg": "",
                    "price": 36,
                    "commodityId": "579389247127",
                    "isFreePostage": true,
                    "itemId": 10751276,
                    "expireDate": null,
                    "cid": 0,
                    "url": "https://s.click.taobao.com/OzeNSau",
                    "isFavorited": false,
                    "showExpireMsg": false,
                    "qunTitle": "",
                    "commodityTypeName": "熊猫",
                    "rankingTag": "",
                    "ratingType": "",
                    "isExpired": false,
                    "recComment": "",
                    "hasCoupon": false
                },
                {
                    "origin": 0,
                    "smallIconUrl": "",
                    "detailHintMsg": "",
                    "itemType": 0,
                    "image": "https://img.alicdn.com/bao/uploaded/i1/3975097370/O1CN01yCCDHa24JVZQ8lAlP_!!0-item_pic.jpg",
                    "detailUrl": "youxuan://commodity?id=7068050",
                    "itemFlag": 0,
                    "saleNum": 10000,
                    "platform": 2,
                    "keywords": [],
                    "originPrice": 111,
                    "id": 7068050,
                    "tbOriginPrice": 111,
                    "lowestPriceDays": 0,
                    "title": "运动裤女裤宽松春秋季2022新款显瘦哈伦裤束脚秋冬加绒休闲卫裤子",
                    "taobaoCid": 162201,
                    "priceTag": 0,
                    "largeCoupon": null,
                    "dataoke": {},
                    "type": 1,
                    "couponValue": "",
                    "expiring": null,
                    "expireMsg": "",
                    "price": 48,
                    "commodityId": "584873847008",
                    "isFreePostage": true,
                    "itemId": 13521162,
                    "expireDate": null,
                    "cid": 0,
                    "url": "https://s.click.taobao.com/ah3Deau",
                    "isFavorited": false,
                    "showExpireMsg": false,
                    "qunTitle": "",
                    "commodityTypeName": "熊猫",
                    "rankingTag": "",
                    "ratingType": "",
                    "isExpired": false,
                    "recComment": "",
                    "hasCoupon": false
                },
                {
                    "origin": 0,
                    "smallIconUrl": "",
                    "detailHintMsg": "",
                    "itemType": 0,
                    "image": "https://img.alicdn.com/bao/uploaded/i4/2208990481/O1CN01Ro3rfc1FQLDzhIM0I_!!0-item_pic.jpg",
                    "detailUrl": "youxuan://commodity?id=37382404",
                    "itemFlag": 0,
                    "saleNum": 10000,
                    "platform": 2,
                    "keywords": [],
                    "originPrice": 69,
                    "id": 37382404,
                    "tbOriginPrice": 69,
                    "lowestPriceDays": 0,
                    "title": "灰色运动裤女春秋季宽松束脚裤子女ins潮2021新款小个子休闲卫裤",
                    "taobaoCid": 162201,
                    "priceTag": 0,
                    "largeCoupon": null,
                    "dataoke": {},
                    "type": 1,
                    "couponValue": "",
                    "expiring": null,
                    "expireMsg": "",
                    "price": 39.9,
                    "commodityId": "614311737085",
                    "isFreePostage": true,
                    "itemId": 43644999,
                    "expireDate": null,
                    "cid": 0,
                    "url": "https://s.click.taobao.com/hftNSau",
                    "isFavorited": false,
                    "showExpireMsg": false,
                    "qunTitle": "",
                    "commodityTypeName": "熊猫",
                    "rankingTag": "",
                    "ratingType": "",
                    "isExpired": false,
                    "recComment": "",
                    "hasCoupon": false
                }
            ],
            "startIndex": 0,
            "nextIndex": 20,
            "total": 986,
            "refreshMsg": ""
        },
        "categories": [
            {
                "linkType": 4,
                "userVisibility": 0,
                "seq": 2,
                "text": "",
                "maxVersion": "",
                "thumbnailUrl": "",
                "id": 2388,
                "title": "衬衫",
                "isUserGroupRemoved": false,
                "deviceType": 0,
                "wxUrl": "",
                "userGroup": 0,
                "isRemove": false,
                "displayTag": "",
                "userGroupId": 0,
                "userGroupIds": [],
                "blockedUserGroupId": 0,
                "blockedUserGroupIds": [],
                "startTime": "2020-10-09 16:28:39",
                "tagImageUrl": "",
                "word": "衬衫",
                "url": "youxuan://commoditylist?categoryId=1917",
                "imageUrl": "http://img1.lukou.com/static/coupon/p/image_link/EKIjL1DF77CGaU6X4HvencSbDMHAWBkC.png",
                "urls": [
                    "youxuan://commoditylist?categoryId=1917"
                ],
                "isVisible": true,
                "boardName": "女装小图",
                "highlight": false,
                "minVersion": "",
                "endTime": "2022-11-25 01:50:39"
            },
            {
                "linkType": 4,
                "userVisibility": 0,
                "seq": 10,
                "text": "",
                "maxVersion": "",
                "thumbnailUrl": "",
                "id": 178,
                "title": "裤装",
                "isUserGroupRemoved": false,
                "deviceType": 0,
                "wxUrl": "",
                "userGroup": 0,
                "isRemove": false,
                "displayTag": "",
                "userGroupId": 0,
                "userGroupIds": [],
                "blockedUserGroupId": 0,
                "blockedUserGroupIds": [],
                "startTime": "2017-12-07 17:18:50",
                "tagImageUrl": "",
                "word": "裤装",
                "url": "youxuan://commoditylist?categoryId=1693",
                "imageUrl": "http://img1.lukou.com/static/coupon/p/image_link/5LnsiEhvfiMNTzeIqmPiKp3aQhWEdo86.png",
                "urls": [
                    "youxuan://commoditylist?categoryId=1693"
                ],
                "isVisible": true,
                "boardName": "女装小图",
                "highlight": false,
                "minVersion": "",
                "endTime": null
            }
        ],
        "note": "",
        "sortTypes": [
            {
                "sortType": 0,
                "name": "综合"
            },
            {
                "sortType": 1,
                "name": "价格最低"
            },
            {
                "sortType": 2,
                "name": "销量"
            }
        ],
        "categoryTitle": "热门分类",
        "recs": [],
        "banners": [],
        "categoryValue": "全部18个分类"
    }
}