{
    "code": 200,
    "data": {
        "list": [
            {
                "_id": "622380478bd82c623326aafd",
                "origin": 0,
                "smallIconUrl": "",
                "detailHintMsg": "",
                "itemType": 0,
                "image": "https://img.alicdn.com/bao/uploaded/i3/2201315634/O1CN01pQEyKd1rUQ7hyDk0G_!!0-item_pic.jpg",
                "detailUrl": "youxuan://commodity?id=110207079",
                "itemFlag": 0,
                "saleNum": 76,
                "platform": 1,
                "keywords": [],
                "originPrice": 25,
                "id": 110207079,
                "tbOriginPrice": 25,
                "lowestPriceDays": 0,
                "title": "江西辣典100g纯辣片香辣辣条网红休闲零食欢乐鞋底手撕老式80后",
                "taobaoCid": 123256001,
                "priceTag": 0,
                "largeCoupon": null,
                "dataoke": {},
                "type": 1,
                "couponValue": "",
                "expiring": null,
                "expireMsg": "",
                "price": 6,
                "commodityId": "650852643268",
                "isFreePostage": true,
                "itemId": 74747873,
                "expireDate": null,
                "cid": 0,
                "url": "https://s.click.taobao.com/oEtlbau",
                "isFavorited": false,
                "showExpireMsg": false,
                "qunTitle": "",
                "commodityTypeName": "公用",
                "rankingTag": "",
                "ratingType": "",
                "isExpired": false,
                "recComment": "",
                "hasCoupon": false
            },
            {
                "_id": "622380478bd82c623326aafe",
                "origin": 0,
                "smallIconUrl": "",
                "detailHintMsg": "",
                "itemType": 0,
                "image": "https://img.alicdn.com/bao/uploaded/i2/2204164889237/O1CN01UnNMSn2I6b4lpVhjU_!!0-item_pic.jpg",
                "detailUrl": "youxuan://commodity?id=37940211",
                "itemFlag": 0,
                "saleNum": 500,
                "platform": 2,
                "keywords": [
                    "大额券"
                ],
                "originPrice": 219.8,
                "id": 37940211,
                "tbOriginPrice": 219.8,
                "lowestPriceDays": 0,
                "title": "真无线蓝牙耳机双耳适用于vivo华为oppo小米苹果安卓通用型",
                "taobaoCid": 50005050,
                "priceTag": 0,
                "largeCoupon": true,
                "dataoke": {},
                "type": 1,
                "couponValue": "200元券",
                "expiring": false,
                "expireMsg": "18天后过期",
                "price": 19.8,
                "commodityId": "613893286069",
                "isFreePostage": true,
                "itemId": 44202896,
                "expireDate": "2022-03-23",
                "cid": 0,
                "url": "https://uland.taobao.com/coupon/edetail?e=0hgqAwnGHoalhHvvyUNXZfh8CuWt5YH5OVuOuRD5gLJMmdsrkidbOcgNAa9X6T79uG1ZaNECU%2FS7pVXmA6bTuP9L%2BhhOpd0JXRuv7xpz1L7QEUCpE4O7XfucdFaiNTi9VUntieNRT3FNK9C8LRcx1aKhuzUAwjV%2Bp0yoVUp4stuDP1EkgpvlzEGN1lCLK6P4%2Be3RkCffS9x3DDPZISAsQpkvMW1vDTHQRG%2BankrZeqlPXqRrvXmNcJKTtViQoP0XO2J1caqUa%2Bt%2BOHfs5nLQGA%3D%3D&traceId=0b0cc5e516455283398765343ec089&&union_lens=lensId:TAPI@1645528339@212c86cc_085d_17f2121d5b5_8a7b@01&nowake=1",
                "isFavorited": false,
                "showExpireMsg": false,
                "qunTitle": "",
                "commodityTypeName": "公用",
                "rankingTag": "",
                "ratingType": "",
                "isExpired": false,
                "recComment": "",
                "hasCoupon": true
            },
            {
                "_id": "622380478bd82c623326aaff",
                "origin": 0,
                "smallIconUrl": "",
                "detailHintMsg": "",
                "itemType": 0,
                "image": "https://img.alicdn.com/bao/uploaded/i1/2003255563/O1CN01mRzn2r1qxttapgfqG_!!0-item_pic.jpg",
                "detailUrl": "youxuan://commodity?id=2990724",
                "itemFlag": 0,
                "saleNum": 700,
                "platform": 2,
                "keywords": [],
                "originPrice": 29.9,
                "id": 2990724,
                "tbOriginPrice": 198,
                "lowestPriceDays": 0,
                "title": "12骨全自动雨伞折叠男女大号双人学生简约加固防抗风晴雨两用定制",
                "taobaoCid": 210211,
                "priceTag": 0,
                "largeCoupon": false,
                "dataoke": {},
                "type": 1,
                "couponValue": "10元券",
                "expiring": false,
                "expireMsg": "26天后过期",
                "price": 19.9,
                "commodityId": "566182124238",
                "isFreePostage": true,
                "itemId": 9678896,
                "expireDate": "2022-03-31",
                "cid": 0,
                "url": "https://uland.taobao.com/coupon/edetail?e=j8UtdJV6ygulhHvvyUNXZfh8CuWt5YH5OVuOuRD5gLJMmdsrkidbOcgNAa9X6T79uG1ZaNECU%2FS7pVXmA6bTuP9L%2BhhOpd0JXRuv7xpz1L7QEUCpE4O7XUtxw0%2BVE7BEF7wMJwrXyTxNK9C8LRcx1aKhuzUAwjV%2Bp0yoVUp4stuDP1EkgpvlzEGN1lCLK6P4%2Be3RkCffS9x3DDPZISAsQuQdSM9C%2FSFmjZpDvzXKEmW0ZCUVLbqk5aXsW5MLQlhirk5oEZwv0ZJMDQVG07AK7A%3D%3D&traceId=2107634116455280834095437efe5f&&union_lens=lensId:TAPI@1645528083@21071467_080e_17f211debe3_3786@01&nowake=1",
                "isFavorited": false,
                "showExpireMsg": false,
                "qunTitle": "",
                "commodityTypeName": "公用",
                "rankingTag": "",
                "ratingType": "",
                "isExpired": false,
                "recComment": "",
                "hasCoupon": true
            },
            {
                "_id": "622380488bd82c623326ab00",
                "origin": 0,
                "smallIconUrl": "",
                "detailHintMsg": "",
                "itemType": 0,
                "image": "https://img.alicdn.com/bao/uploaded/i4/2201315634/O1CN017rQriD1rUQAQmmIo5_!!0-item_pic.jpg",
                "detailUrl": "youxuan://commodity?id=15861902",
                "itemFlag": 0,
                "saleNum": 500,
                "platform": 2,
                "keywords": [],
                "originPrice": 39.8,
                "id": 15861902,
                "tbOriginPrice": 39.8,
                "lowestPriceDays": 0,
                "title": "江西辣典欢乐鞋底辣条休闲零食辣片手撕老式80后豆皮诱惑辣棒豆卷",
                "taobaoCid": 123256001,
                "priceTag": 0,
                "largeCoupon": null,
                "dataoke": {},
                "type": 1,
                "couponValue": "",
                "expiring": null,
                "expireMsg": "",
                "price": 8.9,
                "commodityId": "596188014326",
                "isFreePostage": true,
                "itemId": 22283427,
                "expireDate": null,
                "cid": 0,
                "url": "https://s.click.taobao.com/SGaMSau",
                "isFavorited": false,
                "showExpireMsg": false,
                "qunTitle": "",
                "commodityTypeName": "熊猫",
                "rankingTag": "",
                "ratingType": "",
                "isExpired": false,
                "recComment": "",
                "hasCoupon": false
            },
            {
                "_id": "622380488bd82c623326ab01",
                "origin": 0,
                "smallIconUrl": "",
                "detailHintMsg": "",
                "itemType": 0,
                "image": "https://img.alicdn.com/bao/uploaded/i2/2901203572/O1CN01J57UJB1cG1T77Ydn1_!!2901203572.jpg",
                "detailUrl": "youxuan://commodity?id=7224434",
                "itemFlag": 0,
                "saleNum": 600,
                "platform": 1,
                "keywords": [],
                "originPrice": 12.8,
                "id": 7224434,
                "tbOriginPrice": 16,
                "lowestPriceDays": 0,
                "title": "飚声1.2米2米3米5米加长线有线入耳塞式耳机电脑手机老式圆孔平头",
                "taobaoCid": 1205,
                "priceTag": 0,
                "largeCoupon": false,
                "dataoke": {},
                "type": 1,
                "couponValue": "3元券",
                "expiring": false,
                "expireMsg": "26天后过期",
                "price": 9.8,
                "commodityId": "534084822861",
                "isFreePostage": true,
                "itemId": 13677027,
                "expireDate": "2022-03-31",
                "cid": 0,
                "url": "https://uland.taobao.com/coupon/edetail?e=rHacLXL4Z5ylhHvvyUNXZfh8CuWt5YH5OVuOuRD5gLJMmdsrkidbOWgpcJRl3wFwcV%2FlEyhmp8DabAJjl9LutTOyozeBCAz4Q6mIR8sXz0Bpc60ePn63G0q2VwlEtH9el6LqAWDiLjAGYCWAcoYrnzVjRzUT%2FixsY3NMV3EkUhI6FiaMpVA4IntqvNBHTj3bMqOA5UkfMQ9lXzF1K%2Fl4Nx6YE83bqVzeUEp6SxIXCbDhNz%2BV3suEWa3qWetUhigUqpucxPAqZtGaxTQULkICJ2uhcEU%2FqjP4&traceId=0bb61d5516455283181992453e7202&&union_lens=lensId:TAPI@1645528318@21071008_084f_17f21218109_5394@01&nowake=1",
                "isFavorited": false,
                "showExpireMsg": false,
                "qunTitle": "",
                "commodityTypeName": "熊猫",
                "rankingTag": "",
                "ratingType": "",
                "isExpired": false,
                "recComment": "",
                "hasCoupon": true
            },
            {
                "_id": "622380488bd82c623326ab02",
                "origin": 0,
                "smallIconUrl": "",
                "detailHintMsg": "",
                "itemType": 0,
                "image": "https://img.alicdn.com/bao/uploaded/i1/2207359820495/O1CN01RfuS5T1FWkg1kclGA_!!0-item_pic.jpg",
                "detailUrl": "youxuan://commodity?id=41726383",
                "itemFlag": 0,
                "saleNum": 90,
                "platform": 1,
                "keywords": [],
                "originPrice": 18.9,
                "id": 41726383,
                "tbOriginPrice": 39,
                "lowestPriceDays": 0,
                "title": "饮用水消毒片井水消毒粉漂白食用净化水质水池清洁二氧化氯泡腾片",
                "taobaoCid": 50014008,
                "priceTag": 0,
                "largeCoupon": false,
                "dataoke": {},
                "type": 1,
                "couponValue": "5元券",
                "expiring": false,
                "expireMsg": "26天后过期",
                "price": 13.9,
                "commodityId": "618773700694",
                "isFreePostage": true,
                "itemId": 46665059,
                "expireDate": "2022-03-31",
                "cid": 0,
                "url": "https://uland.taobao.com/coupon/edetail?e=2f7O8iiRvTelhHvvyUNXZfh8CuWt5YH5OVuOuRD5gLJMmdsrkidbOcgNAa9X6T79uG1ZaNECU%2FS7pVXmA6bTuP9L%2BhhOpd0JXRuv7xpz1L7QEUCpE4O7XQPi%2FZ7s%2BeATxBT9kXzyyVdNK9C8LRcx1aKhuzUAwjV%2Bp0yoVUp4stuDP1EkgpvlzEGN1lCLK6P4%2Be3RkCffS9x3DDPZISAsQu%2F%2FvLAjHgBEt7N98VtMii04X1oBVOHPPZ7i3DiMBw1QO2J1caqUa%2Bt%2BOHfs5nLQGA%3D%3D&traceId=0bb625db16455283127657481e6c15&&union_lens=lensId:TAPI@1645528312@210735a6_0b03_17f21216bd9_7eb3@01&nowake=1",
                "isFavorited": false,
                "showExpireMsg": false,
                "qunTitle": "",
                "commodityTypeName": "公用",
                "rankingTag": "",
                "ratingType": "",
                "isExpired": false,
                "recComment": "",
                "hasCoupon": true
            },
            {
                "_id": "622380488bd82c623326ab03",
                "origin": 0,
                "smallIconUrl": "",
                "detailHintMsg": "",
                "itemType": 0,
                "image": "https://img.alicdn.com/bao/uploaded/i3/2201315634/O1CN01jxo09j1rUQ7s0BDGU_!!0-item_pic.jpg",
                "detailUrl": "youxuan://commodity?id=108730630",
                "itemFlag": 0,
                "saleNum": 300,
                "platform": 1,
                "keywords": [],
                "originPrice": 30,
                "id": 108730630,
                "tbOriginPrice": 30,
                "lowestPriceDays": 0,
                "title": "江西辣典纯辣片香辣辣条网红休闲零食欢乐鞋底手撕老式80后校园",
                "taobaoCid": 123256001,
                "priceTag": 0,
                "largeCoupon": null,
                "dataoke": {},
                "type": 1,
                "couponValue": "",
                "expiring": null,
                "expireMsg": "",
                "price": 8.9,
                "commodityId": "650482810958",
                "isFreePostage": true,
                "itemId": 73272751,
                "expireDate": null,
                "cid": 0,
                "url": "https://s.click.taobao.com/iAVMSau",
                "isFavorited": false,
                "showExpireMsg": false,
                "qunTitle": "",
                "commodityTypeName": "公用",
                "rankingTag": "",
                "ratingType": "",
                "isExpired": false,
                "recComment": "",
                "hasCoupon": false
            },
            {
                "_id": "622380488bd82c623326ab04",
                "origin": 0,
                "smallIconUrl": "",
                "detailHintMsg": "",
                "itemType": 0,
                "image": "https://img.alicdn.com/bao/uploaded/i2/2201498506788/O1CN01tcGulb200xE8RgGY1_!!0-item_pic.jpg",
                "detailUrl": "youxuan://commodity?id=113942218",
                "itemFlag": 0,
                "saleNum": 3000,
                "platform": 1,
                "keywords": [],
                "originPrice": 19.9,
                "id": 113942218,
                "tbOriginPrice": 19.9,
                "lowestPriceDays": 0,
                "title": "【百亿补贴-福利秒杀】蓝漂虎年虎虎生威抽纸12包",
                "taobaoCid": 50012478,
                "priceTag": 0,
                "largeCoupon": false,
                "dataoke": {},
                "type": 1,
                "couponValue": "10元券",
                "expiring": false,
                "expireMsg": "40天后过期",
                "price": 9.9,
                "commodityId": "666508714750",
                "isFreePostage": true,
                "itemId": 78480769,
                "expireDate": "2022-04-14",
                "cid": 0,
                "url": "https://uland.taobao.com/coupon/edetail?e=CbmbhZde3%2BalhHvvyUNXZfh8CuWt5YH5OVuOuRD5gLJMmdsrkidbOcgNAa9X6T79uG1ZaNECU%2FS7pVXmA6bTuP9L%2BhhOpd0JXRuv7xpz1L7QEUCpE4O7XUU4ondI0ZU5Y5l7UXK9cQTBmThlTramS1yz9kGWMFLZcS5HqCMz%2FEMCpGiF3HKFq0TvRpieR127Gz%2BbIF%2BlRTT%2FS%2FoYTqXdCXsgP31SAoMkqyDmYctMuIi%2FHsNLnSWoy%2BJAHdx4qmlu%2FlwFvwT%2BDbnkzSRmDmoY7A%3D%3D&traceId=0b0cc5e716455282379473398e710d&&union_lens=lensId:TAPI@1645528237@2107ee2e_0858_17f21204791_9d4a@01&nowake=1",
                "isFavorited": false,
                "showExpireMsg": false,
                "qunTitle": "",
                "commodityTypeName": "公用",
                "rankingTag": "",
                "ratingType": "",
                "isExpired": false,
                "recComment": "",
                "hasCoupon": true
            },
            {
                "_id": "622380498bd82c623326ab05",
                "origin": 0,
                "smallIconUrl": "",
                "detailHintMsg": "",
                "itemType": 0,
                "image": "https://img.alicdn.com/bao/uploaded/i3/2840601657/O1CN01QsUKxI1O6wsFWrKN7_!!2840601657.jpg",
                "detailUrl": "youxuan://commodity?id=37702084",
                "itemFlag": 0,
                "saleNum": 200,
                "platform": 1,
                "keywords": [],
                "originPrice": 28,
                "id": 37702084,
                "tbOriginPrice": 28,
                "lowestPriceDays": 0,
                "title": "时尚口罩黑色可水洗秋冬防尘透气男女网红明星同款口鼻罩口卓布料",
                "taobaoCid": 50003458,
                "priceTag": 0,
                "largeCoupon": null,
                "dataoke": {},
                "type": 1,
                "couponValue": "",
                "expiring": null,
                "expireMsg": "",
                "price": 9.9,
                "commodityId": "616243911967",
                "isFreePostage": true,
                "itemId": 43964662,
                "expireDate": null,
                "cid": 0,
                "url": "https://s.click.taobao.com/50jgnau",
                "isFavorited": false,
                "showExpireMsg": false,
                "qunTitle": "",
                "commodityTypeName": "公用",
                "rankingTag": "",
                "ratingType": "",
                "isExpired": false,
                "recComment": "",
                "hasCoupon": false
            },
            {
                "_id": "622380498bd82c623326ab06",
                "origin": 0,
                "smallIconUrl": "",
                "detailHintMsg": "",
                "itemType": 0,
                "image": "https://img.alicdn.com/bao/uploaded/i2/1099136723/O1CN01QrZ0b81zXBULwKXW1_!!1099136723.jpg",
                "detailUrl": "youxuan://commodity?id=71136873",
                "itemFlag": 0,
                "saleNum": 200,
                "platform": 1,
                "keywords": [],
                "originPrice": 19,
                "id": 71136873,
                "tbOriginPrice": 19,
                "lowestPriceDays": 0,
                "title": "栎树口罩一次性50只熔喷布三层防护成人口罩袋装盒装夏季透气",
                "taobaoCid": 50003458,
                "priceTag": 0,
                "largeCoupon": null,
                "dataoke": {},
                "type": 1,
                "couponValue": "",
                "expiring": null,
                "expireMsg": "",
                "price": 9.9,
                "commodityId": "622512596865",
                "isFreePostage": true,
                "itemId": 49131525,
                "expireDate": null,
                "cid": 0,
                "url": "https://s.click.taobao.com/56AHeau",
                "isFavorited": false,
                "showExpireMsg": false,
                "qunTitle": "",
                "commodityTypeName": "公用",
                "rankingTag": "",
                "ratingType": "",
                "isExpired": false,
                "recComment": "",
                "hasCoupon": false
            },
            {
                "_id": "622380498bd82c623326ab07",
                "origin": 0,
                "smallIconUrl": "",
                "detailHintMsg": "",
                "itemType": 0,
                "image": "https://img.alicdn.com/bao/uploaded/i3/3042941421/O1CN01gN0saT1MMrRIvWIVf_!!3042941421.jpg",
                "detailUrl": "youxuan://commodity?id=7528904",
                "itemFlag": 0,
                "saleNum": 1000,
                "platform": 1,
                "keywords": [],
                "originPrice": 3.8,
                "id": 7528904,
                "tbOriginPrice": 9.6,
                "lowestPriceDays": 0,
                "title": "10/16CM 可撕式粘毛器替换纸芯斜撕式纸筒芯纸管粘尘除尘纸粘毛滚",
                "taobaoCid": 50012928,
                "priceTag": 0,
                "largeCoupon": false,
                "dataoke": {},
                "type": 1,
                "couponValue": "1元券",
                "expiring": false,
                "expireMsg": "40天后过期",
                "price": 2.8,
                "commodityId": "556266212290",
                "isFreePostage": true,
                "itemId": 13979967,
                "expireDate": "2022-04-14",
                "cid": 0,
                "url": "https://uland.taobao.com/coupon/edetail?e=gX8z9P62LxylhHvvyUNXZfh8CuWt5YH5OVuOuRD5gLJMmdsrkidbOcgNAa9X6T79uG1ZaNECU%2FS7pVXmA6bTuP9L%2BhhOpd0JXRuv7xpz1L7QEUCpE4O7XQWGQLe1nurA9EABxFO0q1lNK9C8LRcx1aKhuzUAwjV%2Bp0yoVUp4stvSrtgrjOAlQPqF3Jk7c4XB%2Be3RkCffS9x3DDPZISAsQtZWoapINeiOfB0vMq4XpHjMglSAQ4vqCgRAPfDXGKVBrk5oEZwv0ZL%2FOua2kVjrsQ%3D%3D&traceId=0bb625ec16455283178321992e3b7c&&union_lens=lensId:TAPI@1645528317@21082972_0868_17f21217f9d_06af@01&nowake=1",
                "isFavorited": false,
                "showExpireMsg": false,
                "qunTitle": "",
                "commodityTypeName": "熊猫",
                "rankingTag": "",
                "ratingType": "",
                "isExpired": false,
                "recComment": "",
                "hasCoupon": true
            },
            {
                "_id": "622380498bd82c623326ab08",
                "origin": 0,
                "smallIconUrl": "",
                "detailHintMsg": "",
                "itemType": 0,
                "image": "https://img.alicdn.com/bao/uploaded/i1/3310533549/O1CN01QedFKO1c5UNIDbL78_!!0-item_pic.jpg",
                "detailUrl": "youxuan://commodity?id=99719710",
                "itemFlag": 0,
                "saleNum": 300,
                "platform": 1,
                "keywords": [],
                "originPrice": 17.9,
                "id": 99719710,
                "tbOriginPrice": 59.8,
                "lowestPriceDays": 0,
                "title": "给力红色牙刷结婚高级软毛一对情侣韩国火山岩备长炭宽头清洁中毛",
                "taobaoCid": 50013976,
                "priceTag": 0,
                "largeCoupon": false,
                "dataoke": {},
                "type": 1,
                "couponValue": "3元券",
                "expiring": false,
                "expireMsg": "18天后过期",
                "price": 14.9,
                "commodityId": "638741333376",
                "isFreePostage": true,
                "itemId": 64279498,
                "expireDate": "2022-03-23",
                "cid": 0,
                "url": "https://uland.taobao.com/coupon/edetail?e=bgbMxLk85M%2BlhHvvyUNXZfh8CuWt5YH5OVuOuRD5gLJMmdsrkidbOcgNAa9X6T79uG1ZaNECU%2FS7pVXmA6bTuP9L%2BhhOpd0JXRuv7xpz1L7QEUCpE4O7XQelUOi8LEVd4rOOf4ckZ43BmThlTramS1yz9kGWMFLZcS5HqCMz%2FEMCpGiF3HKFq0TvRpieR127Gz%2BbIF%2BlRTT%2FS%2FoYTqXdCUsL0Sk1ng09rUsy5mfh2O6CBb7s5KPRDfgo2P%2BqEAKJhAlwBqUZweRlBRYM90QVRw%3D%3D&traceId=210576f816451425449883294efbad&&union_lens=lensId:TAPI@1645142545@210589ef_0b1b_17f0a23126f_a685@01&nowake=1",
                "isFavorited": false,
                "showExpireMsg": false,
                "qunTitle": "",
                "commodityTypeName": "公用",
                "rankingTag": "",
                "ratingType": "",
                "isExpired": false,
                "recComment": "",
                "hasCoupon": true
            }
        ],
        "totalCount": 60
    },
    "success": true
}