{
    "code": 200,
    "data": {
        "category": {
            "seasonPropsBlackKeywords": "",
            "weight": 2,
            "id": 1763,
            "isLeaf": 0,
            "name": "日用家居",
            "imageUrl": "http://img1.lukou.com/static/coupon/p/misc/20170828-193852.jpeg",
            "isHide": false,
            "gridsBoardId": 61,
            "cname": "日用家居",
            "sortEnabled": false,
            "parentId": 0,
            "bannerBoardId": 60
        },
        "categoriesTitle": "潮流精选",
        "hotCommodities": [],
        "baokuanCommodities": {
            "perpage": 0,
            "isEnd": true,
            "list": [
                {
                    "smallIconUrl": "",
                    "detailHintMsg": "",
                    "itemType": 0,
                    "image": "https://img.alicdn.com/bao/uploaded/i4/2207663985156/O1CN01guby4c1nxUr10hLCV_!!0-item_pic.jpg",
                    "detailUrl": "youxuan://commodity?id=110669711",
                    "itemFlag": 0,
                    "saleNum": 24,
                    "platform": 1,
                    "keywords": [],
                    "originPrice": 239.9,
                    "id": 110669711,
                    "tbOriginPrice": 239.9,
                    "lowestPriceDays": 0,
                    "title": "秋季冰淇淋泡泡内裤女盒装裸感无缝纯色高弹舒适透气石墨烯氧气裤",
                    "taobaoCid": 50008882,
                    "priceTag": 0,
                    "largeCoupon": false,
                    "dataoke": {},
                    "type": 1,
                    "couponValue": "20元券",
                    "expiring": false,
                    "expireMsg": "8天后过期",
                    "price": 219.9,
                    "commodityId": "660432215640",
                    "isFreePostage": true,
                    "itemId": 75210079,
                    "expireDate": "2022-03-18",
                    "cid": 0,
                    "url": "https://uland.taobao.com/coupon/edetail?e=gxQc23lzRB2lhHvvyUNXZfh8CuWt5YH5OVuOuRD5gLJMmdsrkidbOWgpcJRl3wFwcV%2FlEyhmp8DabAJjl9LutTOyozeBCAz4Q6mIR8sXz0Bpc60ePn63G2nh7ESrq79hjJkbPOH46tzsuf0seI6XoSiKKDk04sxYQfkTeTqhQy3qiOLpX5P9qP8VcdpgoIGfC2xjqU%2BqPaT0b7kPOLrokAT50BvUmg46jJkbPOH46tyAbQv3KJxQfq4vD8vwTUW%2F%2FPtZzdinp3aiMqIf1oPxLuTNJGYOahjs&traceId=0bb61b4b16430043857326935e989b&&union_lens=lensId:TAPI@1643004385@21045647_07f3_17e8ab159d8_7523@01&nowake=1",
                    "isFavorited": false,
                    "showExpireMsg": false,
                    "qunTitle": "",
                    "commodityTypeName": "公用",
                    "rankingTag": "",
                    "ratingType": "",
                    "isExpired": false,
                    "recComment": "",
                    "hasCoupon": true
                },
                {
                    "smallIconUrl": "",
                    "detailHintMsg": "",
                    "itemType": 0,
                    "image": "https://img.alicdn.com/bao/uploaded/i1/2210238017304/O1CN01mcRIEp23pHbONH4mj_!!0-item_pic.jpg",
                    "detailUrl": "youxuan://commodity?id=113941733",
                    "itemFlag": 0,
                    "saleNum": 4000,
                    "platform": 1,
                    "keywords": [],
                    "originPrice": 18.8,
                    "id": 113941733,
                    "tbOriginPrice": 18.8,
                    "lowestPriceDays": 0,
                    "title": "空气炸锅专用纸硅油纸盘纸托圆形家用吸油纸食物垫纸碗烤薯条烘焙",
                    "taobaoCid": 50012501,
                    "priceTag": 0,
                    "largeCoupon": null,
                    "dataoke": {},
                    "type": 1,
                    "couponValue": "",
                    "expiring": null,
                    "expireMsg": "",
                    "price": 8.8,
                    "commodityId": "661341341569",
                    "isFreePostage": true,
                    "itemId": 78480286,
                    "expireDate": null,
                    "cid": 0,
                    "url": "https://s.click.taobao.com/Rv4T3bu",
                    "isFavorited": false,
                    "showExpireMsg": false,
                    "qunTitle": "",
                    "commodityTypeName": "公用",
                    "rankingTag": "",
                    "ratingType": "",
                    "isExpired": false,
                    "recComment": "",
                    "hasCoupon": false
                },
                {
                    "smallIconUrl": "",
                    "detailHintMsg": "",
                    "itemType": 0,
                    "image": "https://img.alicdn.com/bao/uploaded/i4/2916082748/O1CN01NIk6gd1WAd1yJeNf1_!!0-item_pic.jpg",
                    "detailUrl": "youxuan://commodity?id=85907927",
                    "itemFlag": 0,
                    "saleNum": 1639,
                    "platform": 1,
                    "keywords": [],
                    "originPrice": 39.9,
                    "id": 85907927,
                    "tbOriginPrice": 39.9,
                    "lowestPriceDays": 0,
                    "title": "星鲨维生素D滴剂胶囊型24粒儿童婴儿成人预防佝偻骨质疏松",
                    "taobaoCid": 50023742,
                    "priceTag": 0,
                    "largeCoupon": null,
                    "dataoke": {},
                    "type": 1,
                    "couponValue": "",
                    "expiring": null,
                    "expireMsg": "",
                    "price": 27.5,
                    "commodityId": "622282752390",
                    "isFreePostage": true,
                    "itemId": 50548420,
                    "expireDate": null,
                    "cid": 0,
                    "url": "https://s.click.taobao.com/NtLqZsu",
                    "isFavorited": false,
                    "showExpireMsg": false,
                    "qunTitle": "",
                    "commodityTypeName": "公用",
                    "rankingTag": "",
                    "ratingType": "",
                    "isExpired": false,
                    "recComment": "",
                    "hasCoupon": false
                },
                {
                    "smallIconUrl": "",
                    "detailHintMsg": "",
                    "itemType": 0,
                    "image": "https://img.alicdn.com/bao/uploaded/i3/3920272513/O1CN01A78Vrn1UR024NdYWw_!!0-item_pic.jpg",
                    "detailUrl": "youxuan://commodity?id=33824429",
                    "itemFlag": 0,
                    "saleNum": 5000,
                    "platform": 2,
                    "keywords": [],
                    "originPrice": 7.9,
                    "id": 33824429,
                    "tbOriginPrice": 7.9,
                    "lowestPriceDays": 0,
                    "title": "天兴隆无糖薄荷糖盒装小粒随身接吻糖酷爽清凉约会口香糖果B",
                    "taobaoCid": 50008056,
                    "priceTag": 0,
                    "largeCoupon": null,
                    "dataoke": {},
                    "type": 1,
                    "couponValue": "",
                    "expiring": null,
                    "expireMsg": "",
                    "price": 7.9,
                    "commodityId": "611149162038",
                    "isFreePostage": true,
                    "itemId": 40107118,
                    "expireDate": null,
                    "cid": 0,
                    "url": "https://s.click.taobao.com/sgxb6bu",
                    "isFavorited": false,
                    "showExpireMsg": false,
                    "qunTitle": "",
                    "commodityTypeName": "公用",
                    "rankingTag": "",
                    "ratingType": "",
                    "isExpired": false,
                    "recComment": "",
                    "hasCoupon": false
                },
                {
                    "smallIconUrl": "",
                    "detailHintMsg": "",
                    "itemType": 0,
                    "image": "",
                    "detailUrl": "youxuan://commodity?id=108389414",
                    "itemFlag": 0,
                    "saleNum": 5453,
                    "platform": 1,
                    "keywords": [],
                    "originPrice": 27.86,
                    "id": 108389414,
                    "tbOriginPrice": 27.86,
                    "lowestPriceDays": 0,
                    "title": "袜子男士船袜春夏季短袜透气防臭吸汗短筒低帮浅口隐形袜潮春秋",
                    "taobaoCid": 201581701,
                    "priceTag": 0,
                    "largeCoupon": null,
                    "dataoke": {},
                    "type": 1,
                    "couponValue": "",
                    "expiring": null,
                    "expireMsg": "",
                    "price": 9.9,
                    "commodityId": "643353119358",
                    "isFreePostage": true,
                    "itemId": 72931546,
                    "expireDate": null,
                    "cid": 0,
                    "url": "https://s.click.taobao.com/v7Mfagu",
                    "isFavorited": false,
                    "showExpireMsg": false,
                    "qunTitle": "",
                    "commodityTypeName": "公用",
                    "rankingTag": "",
                    "ratingType": "",
                    "isExpired": false,
                    "recComment": "",
                    "hasCoupon": false
                },
                {
                    "smallIconUrl": "",
                    "detailHintMsg": "",
                    "itemType": 0,
                    "image": "https://img.alicdn.com/bao/uploaded/i2/2208211522355/O1CN01uRXPAD1TGdRWmtJLL_!!0-item_pic.jpg",
                    "detailUrl": "youxuan://commodity?id=77397612",
                    "itemFlag": 0,
                    "saleNum": 100,
                    "platform": 1,
                    "keywords": [],
                    "originPrice": 9.99,
                    "id": 77397612,
                    "tbOriginPrice": 9.99,
                    "lowestPriceDays": 0,
                    "title": "【限量秒杀】黄翠仙保山绿蚕豆零食胡豆酥香味无壳100g袋装",
                    "taobaoCid": 50016429,
                    "priceTag": 0,
                    "largeCoupon": null,
                    "dataoke": {},
                    "type": 1,
                    "couponValue": "",
                    "expiring": null,
                    "expireMsg": "",
                    "price": 9.99,
                    "commodityId": "621921659043",
                    "isFreePostage": true,
                    "itemId": 49692151,
                    "expireDate": null,
                    "cid": 0,
                    "url": "https://s.click.taobao.com/GwbXnau",
                    "isFavorited": false,
                    "showExpireMsg": false,
                    "qunTitle": "",
                    "commodityTypeName": "公用",
                    "rankingTag": "",
                    "ratingType": "",
                    "isExpired": false,
                    "recComment": "",
                    "hasCoupon": false
                },
                {
                    "smallIconUrl": "",
                    "detailHintMsg": "",
                    "itemType": 0,
                    "image": "https://img.alicdn.com/bao/uploaded/i2/1961066310/O1CN01B3rDza1wU1sHbGlco_!!0-item_pic.jpg",
                    "detailUrl": "youxuan://commodity?id=101235471",
                    "itemFlag": 0,
                    "saleNum": 4752,
                    "platform": 1,
                    "keywords": [],
                    "originPrice": 12.9,
                    "id": 101235471,
                    "tbOriginPrice": 12.9,
                    "lowestPriceDays": 0,
                    "title": "傻二哥花椒锅巴手工老式陕西怀旧脆锅巴网红解馋零食麻辣味小包装",
                    "taobaoCid": 50010535,
                    "priceTag": 0,
                    "largeCoupon": null,
                    "dataoke": {},
                    "type": 1,
                    "couponValue": "",
                    "expiring": null,
                    "expireMsg": "",
                    "price": 9.9,
                    "commodityId": "646246893814",
                    "isFreePostage": true,
                    "itemId": 65795095,
                    "expireDate": null,
                    "cid": 0,
                    "url": "https://s.click.taobao.com/bs719gu",
                    "isFavorited": false,
                    "showExpireMsg": false,
                    "qunTitle": "",
                    "commodityTypeName": "公用",
                    "rankingTag": "",
                    "ratingType": "",
                    "isExpired": false,
                    "recComment": "",
                    "hasCoupon": false
                },
                {
                    "smallIconUrl": "",
                    "detailHintMsg": "",
                    "itemType": 0,
                    "image": "https://img.alicdn.com/bao/uploaded/i1/822253495/O1CN01b4c6bM1bgkyeuoMwn_!!0-item_pic.jpg",
                    "detailUrl": "youxuan://commodity?id=11556992",
                    "itemFlag": 0,
                    "saleNum": 40000,
                    "platform": 2,
                    "keywords": [],
                    "originPrice": 25,
                    "id": 11556992,
                    "tbOriginPrice": 25,
                    "lowestPriceDays": 0,
                    "title": "超轻粘土24色橡皮泥无毒太空彩泥儿童幼儿手工diy黏土沙玩具套装",
                    "taobaoCid": 124506010,
                    "priceTag": 0,
                    "largeCoupon": null,
                    "dataoke": {},
                    "type": 1,
                    "couponValue": "",
                    "expiring": null,
                    "expireMsg": "",
                    "price": 5.2,
                    "commodityId": "590459689911",
                    "isFreePostage": true,
                    "itemId": 17996985,
                    "expireDate": null,
                    "cid": 0,
                    "url": "https://s.click.taobao.com/E6OD9bu",
                    "isFavorited": false,
                    "showExpireMsg": false,
                    "qunTitle": "",
                    "commodityTypeName": "熊猫",
                    "rankingTag": "",
                    "ratingType": "",
                    "isExpired": false,
                    "recComment": "",
                    "hasCoupon": false
                },
                {
                    "smallIconUrl": "",
                    "detailHintMsg": "",
                    "itemType": 0,
                    "image": "https://img.alicdn.com/bao/uploaded/i2/2211275180916/O1CN01ttUsFU1IdZV6JU8Og_!!0-item_pic.jpg",
                    "detailUrl": "youxuan://commodity?id=107333285",
                    "itemFlag": 0,
                    "saleNum": 100,
                    "platform": 1,
                    "keywords": [],
                    "originPrice": 12.9,
                    "id": 107333285,
                    "tbOriginPrice": 12.9,
                    "lowestPriceDays": 0,
                    "title": "紫月花抽纸家用实惠装整箱木浆加厚擦手面巾卫生纸餐巾纸代批发一",
                    "taobaoCid": 50012478,
                    "priceTag": 0,
                    "largeCoupon": false,
                    "dataoke": {},
                    "type": 1,
                    "couponValue": "5元券",
                    "expiring": false,
                    "expireMsg": "9天后过期",
                    "price": 7.9,
                    "commodityId": "655423712067",
                    "isFreePostage": true,
                    "itemId": 71876771,
                    "expireDate": "2022-03-19",
                    "cid": 0,
                    "url": "https://uland.taobao.com/coupon/edetail?e=2m4fGVDQ9%2FClhHvvyUNXZfh8CuWt5YH5OVuOuRD5gLJMmdsrkidbOUV9IBA4kmjLRSHvQe2jOLY%2FBw6SYxHp8vRvuQ84uuiQXKyvHGFiTQ65Ygp1yP8GJ%2B3xqP4JcQ9C1qsyVsO3cOQn1hF4cAmY%2Bn%2B5Qvv%2BRN%2B5kyoZWGjpCcsbZvDIovEOskOpiEfLF89A%2FfUZYHA3w5O5Ygp1yP8GJ6STeQw%2BCETtjHQoc35LzySxHblVyg3Mx5rFNBQuQgInAhq7rbWA7zY%3D&traceId=0b090e0216432303897664818ecd8b&&union_lens=lensId:TAPI@1643230389@210589ef_0b1b_17e9829e616_c814@01&nowake=1",
                    "isFavorited": false,
                    "showExpireMsg": false,
                    "qunTitle": "",
                    "commodityTypeName": "公用",
                    "rankingTag": "",
                    "ratingType": "",
                    "isExpired": false,
                    "recComment": "",
                    "hasCoupon": true
                },
                {
                    "smallIconUrl": "",
                    "detailHintMsg": "",
                    "itemType": 0,
                    "image": "https://img.alicdn.com/bao/uploaded/i1/570043893/O1CN01box7cf1ed2YVxTQP9_!!0-item_pic.jpg",
                    "detailUrl": "youxuan://commodity?id=6286001",
                    "itemFlag": 0,
                    "saleNum": 4000,
                    "platform": 2,
                    "keywords": [],
                    "originPrice": 129,
                    "id": 6286001,
                    "tbOriginPrice": 129,
                    "lowestPriceDays": 0,
                    "title": "兰亭玻尿酸原液正品面部精华液透明质酸修护紧致保湿补水提亮肤色",
                    "taobaoCid": 50011979,
                    "priceTag": 0,
                    "largeCoupon": null,
                    "dataoke": {},
                    "type": 1,
                    "couponValue": "",
                    "expiring": null,
                    "expireMsg": "",
                    "price": 129,
                    "commodityId": "573673118493",
                    "isFreePostage": true,
                    "itemId": 12741195,
                    "expireDate": null,
                    "cid": 3,
                    "url": "https://s.click.taobao.com/aSGFIbu",
                    "isFavorited": false,
                    "showExpireMsg": false,
                    "qunTitle": "",
                    "commodityTypeName": "公用",
                    "rankingTag": "",
                    "ratingType": "",
                    "isExpired": false,
                    "recComment": "",
                    "hasCoupon": false
                },
                {
                    "smallIconUrl": "",
                    "detailHintMsg": "",
                    "itemType": 0,
                    "image": "https://img.alicdn.com/bao/uploaded/i1/2212475938171/O1CN01ejeztP2AEMyK72frh_!!0-item_pic.jpg",
                    "detailUrl": "youxuan://commodity?id=109178765",
                    "itemFlag": 0,
                    "saleNum": 12,
                    "platform": 1,
                    "keywords": [],
                    "originPrice": 268,
                    "id": 109178765,
                    "tbOriginPrice": 268,
                    "lowestPriceDays": 0,
                    "title": "模漾儿童书包小学生双肩包1-2-3年级6年级男孩女童背包卡通潮减负",
                    "taobaoCid": 50012406,
                    "priceTag": 0,
                    "largeCoupon": null,
                    "dataoke": {},
                    "type": 1,
                    "couponValue": "",
                    "expiring": null,
                    "expireMsg": "",
                    "price": 218,
                    "commodityId": "653622257859",
                    "isFreePostage": true,
                    "itemId": 73720821,
                    "expireDate": null,
                    "cid": 0,
                    "url": "https://s.click.taobao.com/FKD19eu",
                    "isFavorited": false,
                    "showExpireMsg": false,
                    "qunTitle": "",
                    "commodityTypeName": "公用",
                    "rankingTag": "",
                    "ratingType": "",
                    "isExpired": false,
                    "recComment": "",
                    "hasCoupon": false
                },
                {
                    "smallIconUrl": "",
                    "detailHintMsg": "",
                    "itemType": 0,
                    "image": "https://img.alicdn.com/bao/uploaded/i2/3526370554/O1CN01pupOpa1Fxm8LMvBAk_!!0-item_pic.jpg",
                    "detailUrl": "youxuan://commodity?id=4081858",
                    "itemFlag": 0,
                    "saleNum": 77,
                    "platform": 2,
                    "keywords": [
                        "大额券"
                    ],
                    "originPrice": 69.9,
                    "id": 4081858,
                    "tbOriginPrice": 129,
                    "lowestPriceDays": 0,
                    "title": "美国32度Heat保暖内衣上衣超薄发热超薄男士恒温白色黑色秋衣秋裤",
                    "taobaoCid": 50008885,
                    "priceTag": 0,
                    "largeCoupon": true,
                    "dataoke": {},
                    "type": 1,
                    "couponValue": "50元券",
                    "expiring": false,
                    "expireMsg": "",
                    "price": 19.9,
                    "commodityId": "564336654324",
                    "isFreePostage": true,
                    "itemId": 10551100,
                    "expireDate": "2022-02-28",
                    "cid": 0,
                    "url": "https://uland.taobao.com/coupon/edetail?e=1XASypWwqrKlhHvvyUNXZfh8CuWt5YH5OVuOuRD5gLJMmdsrkidbOcgNAa9X6T79uG1ZaNECU%2FS7pVXmA6bTuP9L%2BhhOpd0JXRuv7xpz1L7QEUCpE4O7Xe1GgTYLodVLxgz%2BDoQLkHLBmThlTramS1yz9kGWMFLZcS5HqCMz%2FEMCpGiF3HKFq0TvRpieR127Gz%2BbIF%2BlRTT%2FS%2FoYTqXdCQuhod5GiGU%2B9BUG5cxEoGkfTdi4wUnI12ZXJ1x22LwkhAlwBqUZweRlBRYM90QVRw%3D%3D&traceId=2107620016451469108711157eb2d5&&union_lens=lensId:TAPI@1645146910@0b147e3b_0814_17f0a65b0a9_a063@01&nowake=1",
                    "isFavorited": false,
                    "showExpireMsg": true,
                    "qunTitle": "",
                    "commodityTypeName": "熊猫",
                    "rankingTag": "",
                    "ratingType": "",
                    "isExpired": true,
                    "recComment": "",
                    "hasCoupon": true
                }
            ],
            "startIndex": 0,
            "nextIndex": 0,
            "total": 0
        },
        "grids": [
            {
                "linkType": 260,
                "userVisibility": 0,
                "seq": 1,
                "text": "最高66元",
                "maxVersion": "",
                "thumbnailUrl": "",
                "id": 6990,
                "title": "饿了么红包",
                "isUserGroupRemoved": false,
                "deviceType": 0,
                "wxUrl": "https://quan.lukou.com/activity/article.html?id=871",
                "userGroup": 0,
                "isRemove": false,
                "displayTag": "",
                "userGroupId": 0,
                "userGroupIds": [],
                "blockedUserGroupId": 0,
                "blockedUserGroupIds": [],
                "startTime": "2021-03-04 14:25:26",
                "tagImageUrl": "",
                "word": "饿了么红包",
                "url": "https://quan.lukou.com/activity/article.html?id=873",
                "imageUrl": "http://img1.lukou.com/static/coupon/p/image_link/nYcOeGqvXJTkMrmEbdkWv5wiUZmt5gLV.png",
                "urls": [
                    "https://quan.lukou.com/activity/article.html?id=873"
                ],
                "isVisible": true,
                "boardName": "H5首页宫格导航-至少5个",
                "highlight": false,
                "minVersion": "",
                "endTime": null
            },
            {
                "linkType": 260,
                "userVisibility": 0,
                "seq": 2,
                "text": "最高56元",
                "maxVersion": "",
                "thumbnailUrl": "",
                "id": 6991,
                "title": "美团红包",
                "isUserGroupRemoved": false,
                "deviceType": 0,
                "wxUrl": "https://quan.lukou.com/activity/article.html?id=872",
                "userGroup": 0,
                "isRemove": false,
                "displayTag": "",
                "userGroupId": 0,
                "userGroupIds": [],
                "blockedUserGroupId": 0,
                "blockedUserGroupIds": [],
                "startTime": "2021-03-04 14:28:28",
                "tagImageUrl": "",
                "word": "美团红包",
                "url": "https://quan.lukou.com/activity/article.html?id=874",
                "imageUrl": "http://img1.lukou.com/static/coupon/p/image_link/ORlaNFb306A1RuqGVWdRLJsx7yk19NgX.png",
                "urls": [
                    "https://quan.lukou.com/activity/article.html?id=874"
                ],
                "isVisible": true,
                "boardName": "H5首页宫格导航-至少5个",
                "highlight": false,
                "minVersion": "",
                "endTime": null
            },
            {
                "linkType": 260,
                "userVisibility": 0,
                "seq": 3,
                "text": "",
                "maxVersion": "",
                "thumbnailUrl": "",
                "id": 6992,
                "title": "9.9包邮",
                "isUserGroupRemoved": false,
                "deviceType": 0,
                "wxUrl": "youxuan://column?id=29",
                "userGroup": 0,
                "isRemove": false,
                "displayTag": "",
                "userGroupId": 0,
                "userGroupIds": [],
                "blockedUserGroupId": 0,
                "blockedUserGroupIds": [],
                "startTime": "2021-03-04 14:30:02",
                "tagImageUrl": "",
                "word": "9.9包邮",
                "url": "youxuan://column?id=29",
                "imageUrl": "http://img1.lukou.com/static/coupon/p/image_link/USW7VNxABBDqxr8xMxJ0XIhXZLceKqMH.png",
                "urls": [
                    "youxuan://column?id=29"
                ],
                "isVisible": true,
                "boardName": "H5首页宫格导航-至少5个",
                "highlight": false,
                "minVersion": "",
                "endTime": null
            },
            {
                "linkType": 260,
                "userVisibility": 0,
                "seq": 4,
                "text": "91折",
                "maxVersion": "",
                "thumbnailUrl": "",
                "id": 6994,
                "title": "话费充值",
                "isUserGroupRemoved": false,
                "deviceType": 0,
                "wxUrl": "http://www.ukhnfdsz.cn/api/url/pddFtJFFcWd/?_wv=1",
                "userGroup": 0,
                "isRemove": false,
                "displayTag": "",
                "userGroupId": 0,
                "userGroupIds": [],
                "blockedUserGroupId": 0,
                "blockedUserGroupIds": [],
                "startTime": "2021-03-04 14:32:19",
                "tagImageUrl": "",
                "word": "话费充值",
                "url": "http://www.xlvm6zq.cn/api/url/pddQS5FaDpw/?_wv=1",
                "imageUrl": "http://img1.lukou.com/static/coupon/p/image_link/FvGJioJJK0S2ypHWZD9eD4k1a8LfEK60.png",
                "urls": [
                    "http://www.xlvm6zq.cn/api/url/pddQS5FaDpw/?_wv=1"
                ],
                "isVisible": true,
                "boardName": "H5首页宫格导航-至少5个",
                "highlight": false,
                "minVersion": "",
                "endTime": "2022-05-01 16:47:37"
            },
            {
                "linkType": 260,
                "userVisibility": 0,
                "seq": 5,
                "text": "免单",
                "maxVersion": "",
                "thumbnailUrl": "",
                "id": 6993,
                "title": "签到红包",
                "isUserGroupRemoved": false,
                "deviceType": 0,
                "wxUrl": "",
                "userGroup": 0,
                "isRemove": false,
                "displayTag": "",
                "userGroupId": 0,
                "userGroupIds": [],
                "blockedUserGroupId": 0,
                "blockedUserGroupIds": [],
                "startTime": "2021-03-04 14:31:19",
                "tagImageUrl": "",
                "word": "签到红包",
                "url": "http://www.xmyx112.top/#/signForHb",
                "imageUrl": "http://img1.lukou.com/static/coupon/p/image_link/L1jtf7WOt8cihkPd4PpPnsnIwpTtatZg.png",
                "urls": [
                    "http://www.xmyx112.top/#/signForHb"
                ],
                "isVisible": true,
                "boardName": "H5首页宫格导航-至少5个",
                "highlight": false,
                "minVersion": "",
                "endTime": null
            }
        ],
        "miaoshaCommodities": {
            "perpage": 0,
            "isEnd": true,
            "list": [],
            "startIndex": 0,
            "nextIndex": 0,
            "total": 0
        },
        "items": {
            "perpage": 20,
            "isEnd": false,
            "list": [
                {
                    "origin": 0,
                    "smallIconUrl": "",
                    "detailHintMsg": "",
                    "itemType": 0,
                    "image": "https://img.alicdn.com/bao/uploaded/i4/1748418306/O1CN01GpgPHY2BECJStNlN1_!!0-item_pic.jpg",
                    "detailUrl": "youxuan://commodity?id=37450648",
                    "itemFlag": 0,
                    "saleNum": 94,
                    "platform": 1,
                    "keywords": [],
                    "originPrice": 7.8,
                    "id": 37450648,
                    "tbOriginPrice": 15,
                    "lowestPriceDays": 0,
                    "title": "半自动打蛋器手动手压家用搅拌棒按压式自动小型打鸡蛋厨房小工具",
                    "taobaoCid": 50004401,
                    "priceTag": 0,
                    "largeCoupon": false,
                    "dataoke": {},
                    "type": 1,
                    "couponValue": "1元券",
                    "expiring": false,
                    "expireMsg": "22天后过期",
                    "price": 6.8,
                    "commodityId": "615853619216",
                    "isFreePostage": true,
                    "itemId": 43713231,
                    "expireDate": "2022-04-01",
                    "cid": 0,
                    "url": "https://uland.taobao.com/coupon/edetail?e=kifIGJ0b9NGlhHvvyUNXZfh8CuWt5YH5OVuOuRD5gLJMmdsrkidbOcgNAa9X6T79uG1ZaNECU%2FS7pVXmA6bTuP9L%2BhhOpd0JXRuv7xpz1L7QEUCpE4O7Xatkm8b0Tsv7pWwQZA%2BEl8hNK9C8LRcx1aKhuzUAwjV%2Bp0yoVUp4sts00YrwD7XcuTK2IFhd1LMc%2Be3RkCffS9x3DDPZISAsQsYglVtdkquXq7YbM3pDOmtiTLMM%2FdT2zwf%2FokKZ%2BUIhrk5oEZwv0ZJMDQVG07AK7A%3D%3D&traceId=21057cf916455280273198127e279b&&union_lens=lensId:TAPI@1645528027@2133cf5f_0ab1_17f211d10c4_15ea@01&nowake=1",
                    "isFavorited": false,
                    "showExpireMsg": false,
                    "qunTitle": "",
                    "commodityTypeName": "公用",
                    "rankingTag": "",
                    "ratingType": "",
                    "isExpired": false,
                    "recComment": "",
                    "hasCoupon": true
                },
                {
                    "origin": 0,
                    "smallIconUrl": "",
                    "detailHintMsg": "",
                    "itemType": 0,
                    "image": "https://img.alicdn.com/bao/uploaded/i1/3937219703/O1CN01Hh44hI2LY1l3uA5Wg_!!3937219703-0-C2M.jpg",
                    "detailUrl": "youxuan://commodity?id=39010434",
                    "itemFlag": 0,
                    "saleNum": 10000,
                    "platform": 2,
                    "keywords": [],
                    "originPrice": 4.35,
                    "id": 39010434,
                    "tbOriginPrice": 4.35,
                    "lowestPriceDays": 0,
                    "title": "隔音耳塞防噪音睡眠专用宿舍防吵闹专业静音超级降噪学生呼噜睡眠",
                    "taobaoCid": 50006125,
                    "priceTag": 0,
                    "largeCoupon": null,
                    "dataoke": {},
                    "type": 1,
                    "couponValue": "",
                    "expiring": null,
                    "expireMsg": "",
                    "price": 2.6,
                    "commodityId": "613140329736",
                    "isFreePostage": true,
                    "itemId": 45270175,
                    "expireDate": null,
                    "cid": 0,
                    "url": "https://s.click.taobao.com/D2WLxZu",
                    "isFavorited": false,
                    "showExpireMsg": false,
                    "qunTitle": "",
                    "commodityTypeName": "公用",
                    "rankingTag": "",
                    "ratingType": "",
                    "isExpired": false,
                    "recComment": "",
                    "hasCoupon": false
                },
                {
                    "origin": 0,
                    "smallIconUrl": "",
                    "detailHintMsg": "",
                    "itemType": 0,
                    "image": "https://img.alicdn.com/bao/uploaded/i1/2385418640/O1CN01pAhKzV2DhAiH8o9Yr_!!0-item_pic.jpg",
                    "detailUrl": "youxuan://commodity?id=104777305",
                    "itemFlag": 0,
                    "saleNum": 2000,
                    "platform": 1,
                    "keywords": [],
                    "originPrice": 8.9,
                    "id": 104777305,
                    "tbOriginPrice": 8.9,
                    "lowestPriceDays": 0,
                    "title": "一次性大号口罩3d立体成人大脸专用三层加大码白色男潮款不勒耳女",
                    "taobaoCid": 50003458,
                    "priceTag": 0,
                    "largeCoupon": null,
                    "dataoke": {},
                    "type": 1,
                    "couponValue": "",
                    "expiring": null,
                    "expireMsg": "",
                    "price": 7.9,
                    "commodityId": "636764312387",
                    "isFreePostage": true,
                    "itemId": 69323904,
                    "expireDate": null,
                    "cid": 0,
                    "url": "https://s.click.taobao.com/E6VMSau",
                    "isFavorited": false,
                    "showExpireMsg": false,
                    "qunTitle": "",
                    "commodityTypeName": "公用",
                    "rankingTag": "",
                    "ratingType": "",
                    "isExpired": false,
                    "recComment": "",
                    "hasCoupon": false
                },
                {
                    "origin": 0,
                    "smallIconUrl": "",
                    "detailHintMsg": "",
                    "itemType": 0,
                    "image": "https://img.alicdn.com/bao/uploaded/i4/2059301904/O1CN01LtV6Ta1Pw4oWUkGKs_!!0-item_pic.jpg",
                    "detailUrl": "youxuan://commodity?id=107318176",
                    "itemFlag": 0,
                    "saleNum": 500,
                    "platform": 1,
                    "keywords": [],
                    "originPrice": 30,
                    "id": 107318176,
                    "tbOriginPrice": 30,
                    "lowestPriceDays": 0,
                    "title": "床上置物架宿舍上铺神器学生寝室住校床头收纳墙上挂篮浴室置物篮",
                    "taobaoCid": 50023202,
                    "priceTag": 0,
                    "largeCoupon": null,
                    "dataoke": {},
                    "type": 1,
                    "couponValue": "",
                    "expiring": null,
                    "expireMsg": "",
                    "price": 6.9,
                    "commodityId": "655794283224",
                    "isFreePostage": true,
                    "itemId": 71861666,
                    "expireDate": null,
                    "cid": 0,
                    "url": "https://s.click.taobao.com/J9DDeau",
                    "isFavorited": false,
                    "showExpireMsg": false,
                    "qunTitle": "",
                    "commodityTypeName": "公用",
                    "rankingTag": "",
                    "ratingType": "",
                    "isExpired": false,
                    "recComment": "",
                    "hasCoupon": false
                },
                {
                    "origin": 0,
                    "smallIconUrl": "",
                    "detailHintMsg": "",
                    "itemType": 0,
                    "image": "https://img.alicdn.com/bao/uploaded/i1/1587440767/O1CN01eqpE131HXKS5bmZz6_!!0-item_pic.jpg",
                    "detailUrl": "youxuan://commodity?id=6825682",
                    "itemFlag": 0,
                    "saleNum": 1000,
                    "platform": 1,
                    "keywords": [],
                    "originPrice": 3,
                    "id": 6825682,
                    "tbOriginPrice": 3,
                    "lowestPriceDays": 0,
                    "title": "尼龙窗纱网布料隐形防蚊防虫窗纱成品客厅卧室纱窗网自装家用包邮",
                    "taobaoCid": 50026527,
                    "priceTag": 0,
                    "largeCoupon": null,
                    "dataoke": {},
                    "type": 1,
                    "couponValue": "",
                    "expiring": null,
                    "expireMsg": "",
                    "price": 2.55,
                    "commodityId": "528941814107",
                    "isFreePostage": true,
                    "itemId": 13279473,
                    "expireDate": null,
                    "cid": 0,
                    "url": "https://s.click.taobao.com/KMDDeau",
                    "isFavorited": false,
                    "showExpireMsg": false,
                    "qunTitle": "",
                    "commodityTypeName": "熊猫",
                    "rankingTag": "",
                    "ratingType": "",
                    "isExpired": false,
                    "recComment": "",
                    "hasCoupon": false
                },
                {
                    "origin": 0,
                    "smallIconUrl": "",
                    "detailHintMsg": "",
                    "itemType": 0,
                    "image": "https://img.alicdn.com/bao/uploaded/i1/425377566/O1CN01OJWTrW25lHMjS2gez_!!425377566.jpg",
                    "detailUrl": "youxuan://commodity?id=113644044",
                    "itemFlag": 0,
                    "saleNum": 3000,
                    "platform": 1,
                    "keywords": [],
                    "originPrice": 87.5,
                    "id": 113644044,
                    "tbOriginPrice": 87.5,
                    "lowestPriceDays": 0,
                    "title": "儿童口罩冬季3d立体小孩专用4-12岁男女孩0-3岁婴幼儿宝宝口耳罩",
                    "taobaoCid": 50003458,
                    "priceTag": 0,
                    "largeCoupon": null,
                    "dataoke": {},
                    "type": 1,
                    "couponValue": "",
                    "expiring": null,
                    "expireMsg": "",
                    "price": 8.9,
                    "commodityId": "662221378870",
                    "isFreePostage": true,
                    "itemId": 78183003,
                    "expireDate": null,
                    "cid": 0,
                    "url": "https://s.click.taobao.com/XqYNSau",
                    "isFavorited": false,
                    "showExpireMsg": false,
                    "qunTitle": "",
                    "commodityTypeName": "公用",
                    "rankingTag": "",
                    "ratingType": "",
                    "isExpired": false,
                    "recComment": "",
                    "hasCoupon": false
                },
                {
                    "origin": 0,
                    "smallIconUrl": "",
                    "detailHintMsg": "",
                    "itemType": 0,
                    "image": "https://img.alicdn.com/bao/uploaded/i1/2023702736/O1CN01YHYJkr1W58DkLhmFf_!!0-item_pic.jpg",
                    "detailUrl": "youxuan://commodity?id=101472636",
                    "itemFlag": 0,
                    "saleNum": 500,
                    "platform": 1,
                    "keywords": [],
                    "originPrice": 8.89,
                    "id": 101472636,
                    "tbOriginPrice": 8.89,
                    "lowestPriceDays": 0,
                    "title": "3d立体亚克力墙贴玄关墙沙发电视背景墙装饰墙贴画客厅布置贴纸画",
                    "taobaoCid": 50011738,
                    "priceTag": 0,
                    "largeCoupon": null,
                    "dataoke": {},
                    "type": 1,
                    "couponValue": "",
                    "expiring": null,
                    "expireMsg": "",
                    "price": 8,
                    "commodityId": "39683620308",
                    "isFreePostage": true,
                    "itemId": 66032214,
                    "expireDate": null,
                    "cid": 0,
                    "url": "https://s.click.taobao.com/OZFNSau",
                    "isFavorited": false,
                    "showExpireMsg": false,
                    "qunTitle": "",
                    "commodityTypeName": "公用",
                    "rankingTag": "",
                    "ratingType": "",
                    "isExpired": false,
                    "recComment": "",
                    "hasCoupon": false
                }
            ],
            "startIndex": 0,
            "nextIndex": 20,
            "total": 14116,
            "refreshMsg": ""
        },
        "categories": [
            {
                "linkType": 32,
                "userVisibility": 0,
                "seq": 0,
                "text": "",
                "maxVersion": "",
                "thumbnailUrl": "",
                "id": 4393,
                "title": "好价网红款",
                "isUserGroupRemoved": false,
                "deviceType": 0,
                "wxUrl": "",
                "userGroup": 0,
                "isRemove": false,
                "displayTag": "",
                "userGroupId": 0,
                "userGroupIds": [],
                "blockedUserGroupId": 0,
                "blockedUserGroupIds": [],
                "startTime": "2019-05-06 20:04:10",
                "tagImageUrl": "",
                "word": "好价网红款",
                "url": "youxuan://column?id=3964",
                "imageUrl": "http://img1.lukou.com/static/p/commodity/img/20190508-165422.png",
                "urls": [
                    "youxuan://column?id=3964"
                ],
                "isVisible": true,
                "boardName": "日用家居小图",
                "highlight": false,
                "minVersion": "",
                "endTime": null
            },
            {
                "linkType": 32,
                "userVisibility": 0,
                "seq": 2,
                "text": "",
                "maxVersion": "",
                "thumbnailUrl": "",
                "id": 348,
                "title": "清洁用品",
                "isUserGroupRemoved": false,
                "deviceType": 0,
                "wxUrl": "",
                "userGroup": 0,
                "isRemove": false,
                "displayTag": "",
                "userGroupId": 0,
                "userGroupIds": [],
                "blockedUserGroupId": 0,
                "blockedUserGroupIds": [],
                "startTime": "2017-12-07 17:18:50",
                "tagImageUrl": "",
                "word": "清洁用品",
                "url": "youxuan://commoditylist?categoryId=1764",
                "imageUrl": "http://img1.lukou.com/static/coupon/p/image_link/OGeXbddnzq0d2LtjZ9yim0MBgscQGKVX.png",
                "urls": [
                    "youxuan://commoditylist?categoryId=1764"
                ],
                "isVisible": true,
                "boardName": "日用家居小图",
                "highlight": false,
                "minVersion": "",
                "endTime": null
            },
            {
                "linkType": 32,
                "userVisibility": 0,
                "seq": 3,
                "text": "",
                "maxVersion": "",
                "thumbnailUrl": "",
                "id": 349,
                "title": "收纳用品",
                "isUserGroupRemoved": false,
                "deviceType": 0,
                "wxUrl": "",
                "userGroup": 0,
                "isRemove": false,
                "displayTag": "",
                "userGroupId": 0,
                "userGroupIds": [],
                "blockedUserGroupId": 0,
                "blockedUserGroupIds": [],
                "startTime": "2017-12-07 17:18:50",
                "tagImageUrl": "",
                "word": "收纳用品",
                "url": "youxuan://commoditylist?categoryId=1766",
                "imageUrl": "http://img1.lukou.com/static/coupon/p/image_link/q8uN54gEiP8bWEZPOq6YPBbHTMpvONV5.png",
                "urls": [
                    "youxuan://commoditylist?categoryId=1766"
                ],
                "isVisible": true,
                "boardName": "日用家居小图",
                "highlight": false,
                "minVersion": "",
                "endTime": null
            },
            {
                "linkType": 32,
                "userVisibility": 0,
                "seq": 4,
                "text": "",
                "maxVersion": "",
                "thumbnailUrl": "",
                "id": 351,
                "title": "床上用品",
                "isUserGroupRemoved": false,
                "deviceType": 0,
                "wxUrl": "",
                "userGroup": 0,
                "isRemove": false,
                "displayTag": "",
                "userGroupId": 0,
                "userGroupIds": [],
                "blockedUserGroupId": 0,
                "blockedUserGroupIds": [],
                "startTime": "2017-12-07 17:18:50",
                "tagImageUrl": "",
                "word": "床上用品",
                "url": "youxuan://commoditylist?categoryId=1768",
                "imageUrl": "http://img1.lukou.com/static/coupon/p/image_link/tu9vFcmuCRLeZwCNGia0w79vqNpIAOyR.png",
                "urls": [
                    "youxuan://commoditylist?categoryId=1768"
                ],
                "isVisible": true,
                "boardName": "日用家居小图",
                "highlight": false,
                "minVersion": "",
                "endTime": null
            },
            {
                "linkType": 32,
                "userVisibility": 0,
                "seq": 5,
                "text": "",
                "maxVersion": "",
                "thumbnailUrl": "",
                "id": 350,
                "title": "厨具/餐具",
                "isUserGroupRemoved": false,
                "deviceType": 0,
                "wxUrl": "",
                "userGroup": 0,
                "isRemove": false,
                "displayTag": "",
                "userGroupId": 0,
                "userGroupIds": [],
                "blockedUserGroupId": 0,
                "blockedUserGroupIds": [],
                "startTime": "2017-12-07 17:18:50",
                "tagImageUrl": "",
                "word": "厨具/餐具",
                "url": "youxuan://commoditylist?categoryId=1765",
                "imageUrl": "http://img1.lukou.com/static/coupon/p/image_link/iReNoYpJovAOsyCEs6DsjyHuCnjc1aZV.png",
                "urls": [
                    "youxuan://commoditylist?categoryId=1765"
                ],
                "isVisible": true,
                "boardName": "日用家居小图",
                "highlight": false,
                "minVersion": "",
                "endTime": null
            },
            {
                "linkType": 32,
                "userVisibility": 0,
                "seq": 6,
                "text": "",
                "maxVersion": "",
                "thumbnailUrl": "",
                "id": 491,
                "title": "家居装饰",
                "isUserGroupRemoved": false,
                "deviceType": 0,
                "wxUrl": "",
                "userGroup": 0,
                "isRemove": false,
                "displayTag": "",
                "userGroupId": 0,
                "userGroupIds": [],
                "blockedUserGroupId": 0,
                "blockedUserGroupIds": [],
                "startTime": "2017-12-07 17:18:50",
                "tagImageUrl": "",
                "word": "家居装饰",
                "url": "youxuan://commoditylist?categoryId=1767",
                "imageUrl": "http://img1.lukou.com/static/coupon/p/image_link/OswKXtg1rkfrwPPJJDbX1WOI3KazGwUg.png",
                "urls": [
                    "youxuan://commoditylist?categoryId=1767"
                ],
                "isVisible": true,
                "boardName": "日用家居小图",
                "highlight": false,
                "minVersion": "",
                "endTime": null
            },
            {
                "linkType": 32,
                "userVisibility": 0,
                "seq": 8,
                "text": "",
                "maxVersion": "",
                "thumbnailUrl": "",
                "id": 727,
                "title": "纸品湿巾",
                "isUserGroupRemoved": false,
                "deviceType": 0,
                "wxUrl": "",
                "userGroup": 0,
                "isRemove": false,
                "displayTag": "",
                "userGroupId": 0,
                "userGroupIds": [],
                "blockedUserGroupId": 0,
                "blockedUserGroupIds": [],
                "startTime": "2017-12-07 17:18:50",
                "tagImageUrl": "",
                "word": "纸品湿巾",
                "url": "youxuan://commoditylist?categoryId=1825",
                "imageUrl": "http://img1.lukou.com/static/coupon/p/image_link/lPXzwD6vOxoEwDWMslCr5rDAB5rvzw7n.png",
                "urls": [
                    "youxuan://commoditylist?categoryId=1825"
                ],
                "isVisible": true,
                "boardName": "日用家居小图",
                "highlight": false,
                "minVersion": "",
                "endTime": null
            },
            {
                "linkType": 32,
                "userVisibility": 0,
                "seq": 9,
                "text": "",
                "maxVersion": "",
                "thumbnailUrl": "",
                "id": 1484,
                "title": "雨伞雨具",
                "isUserGroupRemoved": false,
                "deviceType": 0,
                "wxUrl": "",
                "userGroup": 0,
                "isRemove": false,
                "displayTag": "",
                "userGroupId": 0,
                "userGroupIds": [],
                "blockedUserGroupId": 0,
                "blockedUserGroupIds": [],
                "startTime": "2018-03-16 17:51:01",
                "tagImageUrl": "",
                "word": "雨伞雨具",
                "url": "youxuan://commoditylist?categoryId=1923",
                "imageUrl": "http://img1.lukou.com/static/coupon/p/image_link/lEjvysjFuNV7fBxbnHeaDdwyZ4trZ7sF.png",
                "urls": [
                    "youxuan://commoditylist?categoryId=1923"
                ],
                "isVisible": true,
                "boardName": "日用家居小图",
                "highlight": false,
                "minVersion": "",
                "endTime": null
            },
            {
                "linkType": 32,
                "userVisibility": 0,
                "seq": 10,
                "text": "",
                "maxVersion": "",
                "thumbnailUrl": "",
                "id": 1485,
                "title": "萌宠用品",
                "isUserGroupRemoved": false,
                "deviceType": 0,
                "wxUrl": "",
                "userGroup": 0,
                "isRemove": false,
                "displayTag": "",
                "userGroupId": 0,
                "userGroupIds": [],
                "blockedUserGroupId": 0,
                "blockedUserGroupIds": [],
                "startTime": "2018-03-16 17:52:43",
                "tagImageUrl": "",
                "word": "萌宠用品",
                "url": "youxuan://commoditylist?categoryId=1922",
                "imageUrl": "http://img1.lukou.com/static/coupon/p/image_link/BTA3B1lulAH7Qsw4XSDxX7Y3508CxQRe.png",
                "urls": [
                    "youxuan://commoditylist?categoryId=1922"
                ],
                "isVisible": true,
                "boardName": "日用家居小图",
                "highlight": false,
                "minVersion": "",
                "endTime": null
            },
            {
                "linkType": 32,
                "userVisibility": 0,
                "seq": 11,
                "text": "",
                "maxVersion": "",
                "thumbnailUrl": "",
                "id": 4306,
                "title": "水杯",
                "isUserGroupRemoved": false,
                "deviceType": 0,
                "wxUrl": "",
                "userGroup": 0,
                "isRemove": false,
                "displayTag": "",
                "userGroupId": 0,
                "userGroupIds": [],
                "blockedUserGroupId": 0,
                "blockedUserGroupIds": [],
                "startTime": "2018-03-16 17:52:43",
                "tagImageUrl": "",
                "word": "水杯",
                "url": "youxuan://commoditylist?categoryId=2029",
                "imageUrl": "http://img1.lukou.com/static/coupon/p/image_link/9x987tPAkJZALIPsr58E27dDhKAQUtlk.png",
                "urls": [
                    "youxuan://commoditylist?categoryId=2029"
                ],
                "isVisible": true,
                "boardName": "日用家居小图",
                "highlight": false,
                "minVersion": "",
                "endTime": null
            },
            {
                "linkType": 32,
                "userVisibility": 0,
                "seq": 13,
                "text": "",
                "maxVersion": "",
                "thumbnailUrl": "",
                "id": 4967,
                "title": "宿舍神器",
                "isUserGroupRemoved": false,
                "deviceType": 0,
                "wxUrl": "",
                "userGroup": 0,
                "isRemove": false,
                "displayTag": "",
                "userGroupId": 0,
                "userGroupIds": [],
                "blockedUserGroupId": 0,
                "blockedUserGroupIds": [],
                "startTime": "2019-05-10 14:33:25",
                "tagImageUrl": "",
                "word": "宿舍神器",
                "url": "youxuan://commoditylist?categoryId=2060",
                "imageUrl": "http://img1.lukou.com/static/coupon/p/image_link/xwCEVzF7i953axBZ2BJPUSXZH4nCNuO2.png",
                "urls": [
                    "youxuan://commoditylist?categoryId=2060"
                ],
                "isVisible": true,
                "boardName": "日用家居小图",
                "highlight": false,
                "minVersion": "",
                "endTime": null
            }
        ],
        "note": "",
        "sortTypes": [
            {
                "sortType": 0,
                "name": "综合"
            },
            {
                "sortType": 1,
                "name": "价格最低"
            },
            {
                "sortType": 2,
                "name": "销量"
            }
        ],
        "categoryTitle": "热门分类",
        "recs": [],
        "banners": [],
        "categoryValue": "全部16个分类"
    }
}