{
    "code": 200,
    "data": {
        "perpage": 20,
        "isEnd": true,
        "list": [
            {
                "smallIconUrl": "",
                "detailHintMsg": "",
                "itemType": 0,
                "image": "https://img.alicdn.com/bao/uploaded/i2/1893074448/O1CN0184envp1ijERFDo4AD_!!0-item_pic.jpg",
                "detailUrl": "youxuan://commodity?id=7306882",
                "itemFlag": 0,
                "saleNum": 600,
                "platform": 1,
                "keywords": [],
                "originPrice": 19,
                "id": 7306882,
                "tbOriginPrice": 38,
                "lowestPriceDays": 0,
                "title": "小张的故事简约S925纯银饰品个性骷髅头开口戒指男女情侣款指环潮",
                "taobaoCid": 50013875,
                "priceTag": 0,
                "largeCoupon": false,
                "dataoke": {},
                "type": 1,
                "couponValue": "10元券",
                "expiring": false,
                "expireMsg": "31天后过期",
                "price": 9,
                "commodityId": "556720006398",
                "isFreePostage": true,
                "itemId": 13759133,
                "expireDate": "2022-04-10",
                "cid": 0,
                "url": "https://uland.taobao.com/coupon/edetail?e=HgAyfp5m%2FtOlhHvvyUNXZfh8CuWt5YH5OVuOuRD5gLJMmdsrkidbOcgNAa9X6T79uG1ZaNECU%2FS7pVXmA6bTuP9L%2BhhOpd0JXRuv7xpz1L7QEUCpE4O7XcDKKIlYnXvK7A3RI0ZFCcNNK9C8LRcx1aKhuzUAwjV%2Bp0yoVUp4stvSrtgrjOAlQPqF3Jk7c4XB%2Be3RkCffS9x3DDPZISAsQmEpt8LerUqNYVuO0WHC6DS9kTkfdV0ZAB3NZpYdMc8Jrk5oEZwv0ZL%2FOua2kVjrsQ%3D%3D&traceId=0bb6a98316455283205376968e06e5&&union_lens=lensId:TAPI@1645528320@21334ac6_0838_17f21218a32_5871@01&nowake=1",
                "isFavorited": false,
                "showExpireMsg": false,
                "qunTitle": "",
                "commodityTypeName": "熊猫",
                "rankingTag": "",
                "ratingType": "",
                "isExpired": false,
                "recComment": "",
                "hasCoupon": true
            },
            {
                "smallIconUrl": "",
                "detailHintMsg": "优惠即将到期!",
                "itemType": 0,
                "image": "https://img.alicdn.com/bao/uploaded/i3/2821772806/O1CN013F0nvx1WbBvMMMjp0_!!2821772806.jpg",
                "detailUrl": "youxuan://commodity?id=23787024",
                "itemFlag": 0,
                "saleNum": 21,
                "platform": 1,
                "keywords": [
                    "即将抢完"
                ],
                "originPrice": 14.9,
                "id": 23787024,
                "tbOriginPrice": 28.9,
                "lowestPriceDays": 0,
                "title": "冬季可爱创意汉堡韩版耳罩保暖男护耳捂耳包厚耳暖女折叠冬天耳套",
                "taobaoCid": 50009037,
                "priceTag": 0,
                "largeCoupon": false,
                "dataoke": {},
                "type": 1,
                "couponValue": "5元券",
                "expiring": true,
                "expireMsg": "11小时后过期",
                "price": 9.9,
                "commodityId": "604716257397",
                "isFreePostage": true,
                "itemId": 30138212,
                "expireDate": "2022-03-10",
                "cid": 0,
                "url": "https://uland.taobao.com/coupon/edetail?e=volztY0Afw2lhHvvyUNXZfh8CuWt5YH5OVuOuRD5gLJMmdsrkidbOcgNAa9X6T79uG1ZaNECU%2FS7pVXmA6bTuP9L%2BhhOpd0JXRuv7xpz1L7QEUCpE4O7XbH9Bx1pZ8gAVIoKW8hZVyRNK9C8LRcx1aKhuzUAwjV%2Bp0yoVUp4stuDP1EkgpvlzEGN1lCLK6P4%2Be3RkCffS9x3DDPZISAsQvKJm9NwLVGE24gW7zeFQKcnfkeCScow0JdJDswmHClJrk5oEZwv0ZL%2FOua2kVjrsQ%3D%3D&traceId=0bb61d5516455283175462978e71c3&&union_lens=lensId:TAPI@1645528317@210890d4_0b26_17f21217e7a_46eb@01&nowake=1",
                "isFavorited": false,
                "showExpireMsg": true,
                "qunTitle": "",
                "commodityTypeName": "公用",
                "rankingTag": "",
                "ratingType": "",
                "isExpired": false,
                "recComment": "",
                "hasCoupon": true
            },
            {
                "smallIconUrl": "",
                "detailHintMsg": "",
                "itemType": 0,
                "image": "https://img.alicdn.com/bao/uploaded/i2/1893074448/O1CN01CFve4r1ijERGAyM9F_!!0-item_pic.jpg",
                "detailUrl": "youxuan://commodity?id=1856270",
                "itemFlag": 0,
                "saleNum": 400,
                "platform": 1,
                "keywords": [],
                "originPrice": 19,
                "id": 1856270,
                "tbOriginPrice": 38,
                "lowestPriceDays": 0,
                "title": "原创设计S925纯银饰品唯美简约中国风荷花手工开口戒指女指环百搭",
                "taobaoCid": 50013875,
                "priceTag": 0,
                "largeCoupon": false,
                "dataoke": {},
                "type": 1,
                "couponValue": "10元券",
                "expiring": false,
                "expireMsg": "31天后过期",
                "price": 9,
                "commodityId": "541498787074",
                "isFreePostage": true,
                "itemId": 8762737,
                "expireDate": "2022-04-10",
                "cid": 0,
                "url": "https://uland.taobao.com/coupon/edetail?e=NpqXAxg9CNSlhHvvyUNXZfh8CuWt5YH5OVuOuRD5gLJMmdsrkidbOcgNAa9X6T79uG1ZaNECU%2FS7pVXmA6bTuP9L%2BhhOpd0JXRuv7xpz1L7QEUCpE4O7Xcnz%2FCZiV7LdPQ7X2d55Bw9NK9C8LRcx1aKhuzUAwjV%2Bp0yoVUp4stvSrtgrjOAlQDStuXmwy%2Fe7%2Be3RkCffS9x3DDPZISAsQhSa2JlgToXkJ65w7Rm5%2FDO9kTkfdV0ZAB3NZpYdMc8Jrk5oEZwv0ZL%2FOua2kVjrsQ%3D%3D&traceId=0b0901c216455283137403915e055f&&union_lens=lensId:TAPI@1645528313@21071008_084f_17f21216f9d_524a@01&nowake=1",
                "isFavorited": false,
                "showExpireMsg": false,
                "qunTitle": "",
                "commodityTypeName": "公用",
                "rankingTag": "",
                "ratingType": "",
                "isExpired": false,
                "recComment": "",
                "hasCoupon": true
            }
        ],
        "startIndex": 0,
        "nextIndex": 20,
        "total": 7
    }
}